molecule_chembl_id,canonical_smiles,bioactivity_class,MW,LogP,NumHDonors,NumHAcceptors,PIC50
CHEMBL257288,CC1=C(C(=O)OC(C)C)C(c2cccc(Cl)c2)N(CCCN(C)C(=O)c2ccc(Oc3ccccc3)cc2)C(=O)N1,active,576.0930000000003,6.586500000000008,1.0,5.0,6.6020599913279625
CHEMBL402197,CC(C)OC(=O)CN(c1cccc(Cl)c1)S(=O)(=O)c1cccc(NC(=O)CCc2ccccc2)c1,active,515.0310000000003,5.058200000000005,1.0,5.0,6.267606240177032
CHEMBL272127,CC(C)OC(=O)CN(c1cccc(Cl)c1)S(=O)(=O)c1cccc(NC(=O)CCNC(=O)OCc2ccccc2)c1,active,588.0820000000004,4.741900000000004,2.0,7.0,6.376750709602099
CHEMBL272128,CC(C)OC(=O)CN(c1cccc(Cl)c1)S(=O)(=O)c1cccc(NC(=O)CN(C)C(=O)OCc2ccccc2)c1,active,588.0820000000004,4.694000000000004,1.0,7.0,6.619788758288394
CHEMBL403689,CN(CC(=O)Nc1cccc(S(=O)(=O)N(Cc2ccccc2)c2cccc(Cl)c2)c1)C(=O)OCc1ccccc1,active,578.0900000000003,5.942600000000005,1.0,5.0,6.958607314841775
CHEMBL269980,CC(C)CCCN(c1cccc(Cl)c1)S(=O)(=O)c1cccc(NC(=O)CN(C)C(=O)OCc2ccccc2)c1,active,572.1270000000004,6.1786000000000065,1.0,5.0,6.7447274948966935
CHEMBL45816,COCC(=O)O[C@]1(CCN(C)CCCc2nc3ccccc3[nH]2)CCc2cc(F)ccc2[C@@H]1C(C)C,active,495.6390000000002,5.270900000000005,1.0,5.0,6.886056647693163
CHEMBL257288,CC1=C(C(=O)OC(C)C)C(c2cccc(Cl)c2)N(CCCN(C)C(=O)c2ccc(Oc3ccccc3)cc2)C(=O)N1,active,576.0930000000003,6.586500000000008,1.0,5.0,6.187086643357144
CHEMBL257288,CC1=C(C(=O)OC(C)C)C(c2cccc(Cl)c2)N(CCCN(C)C(=O)c2ccc(Oc3ccccc3)cc2)C(=O)N1,active,576.0930000000003,6.586500000000008,1.0,5.0,6.7447274948966935
CHEMBL1210027,CC[C@H](C)[C@H](NC(=O)N1CCC2(CC1)CN(C(C)C)C2c1ccc(Cl)cc1)C(=O)OC,active,450.02300000000014,4.484600000000004,1.0,4.0,6.982966660701219
CHEMBL1210080,CC(C)N1CC2(CCN(C(=O)Nc3ccc(F)c(F)c3)CC2)C1c1ccc(Cl)cc1,active,433.9300000000002,5.697600000000006,1.0,2.0,6.7594507517174005
CHEMBL1210081,CC(C)N1CC2(CCN(C(=O)Nc3cc(F)cc(F)c3)CC2)C1c1ccc(Cl)cc1,active,433.9300000000002,5.697600000000006,1.0,2.0,6.860120913598763
CHEMBL1210027,CC[C@H](C)[C@H](NC(=O)N1CCC2(CC1)CN(C(C)C)C2c1ccc(Cl)cc1)C(=O)OC,active,450.02300000000014,4.484600000000004,1.0,4.0,6.939302159646388
CHEMBL1210027,CC[C@H](C)[C@H](NC(=O)N1CCC2(CC1)CN(C(C)C)C2c1ccc(Cl)cc1)C(=O)OC,active,450.02300000000014,4.484600000000004,1.0,4.0,6.134896025358872
CHEMBL1210902,O=C1N(c2ccc(F)c(Cl)c2)C(c2ccccn2)C12CCN(c1nc3cc(F)c(C(F)(F)F)cc3[nH]1)CC2,active,547.9150000000001,6.283000000000003,1.0,4.0,7.508638306165727
CHEMBL1210902,O=C1N(c2ccc(F)c(Cl)c2)C(c2ccccn2)C12CCN(c1nc3cc(F)c(C(F)(F)F)cc3[nH]1)CC2,active,547.9150000000001,6.283000000000003,1.0,4.0,7.5376020021010435
CHEMBL1210901,O=C1N(c2ccc(F)c(Cl)c2)C(c2ccccn2)C12CCN(c1nc3cc(F)c(Cl)cc3[nH]1)CC2,active,514.3630000000003,5.917600000000003,1.0,4.0,7.221848749616356
CHEMBL1210900,O=C1N(c2ccc(F)c(Cl)c2)C(c2ccccn2)C12CCN(c1nc3ccc(Cl)cc3[nH]1)CC2,active,496.37300000000033,5.778500000000004,1.0,4.0,7.107905397309519
CHEMBL1210899,O=C1N(c2cccc(Cl)c2)C(c2ccccn2)C12CCN(c1nc3cc(F)c(C(F)(F)F)cc3[nH]1)CC2,active,529.9250000000001,6.143900000000003,1.0,4.0,7.356547323513812
CHEMBL1210835,O=C(Nc1cc(F)cc(F)c1)N1CCC2(CC1)C(=O)N(c1cncc(Cl)c1)C2c1ccccn1,active,483.90600000000006,4.810400000000004,1.0,4.0,6.284832642151542
CHEMBL1209968,N#Cc1cccc(N2C(=O)C3(CCN(C(=O)Nc4cc(F)cc(F)c4)CC3)C2c2ccccn2)c1,active,473.4830000000001,4.633680000000004,1.0,4.0,6.135488918941608
CHEMBL1209968,N#Cc1cccc(N2C(=O)C3(CCN(C(=O)Nc4cc(F)cc(F)c4)CC3)C2c2ccccn2)c1,active,473.4830000000001,4.633680000000004,1.0,4.0,6.607303046740334
CHEMBL1210767,O=C(Nc1ccc(F)c(F)c1)N1CCC2(CC1)C(=O)N(c1cccc(Cl)c1)C2c1cccc[n+]1[O-],active,498.91700000000014,4.653800000000005,1.0,3.0,6.156144577376839
CHEMBL1210027,CC[C@H](C)[C@H](NC(=O)N1CCC2(CC1)CN(C(C)C)C2c1ccc(Cl)cc1)C(=O)OC,active,450.02300000000014,4.484600000000004,1.0,4.0,6.910094888560602
CHEMBL1210080,CC(C)N1CC2(CCN(C(=O)Nc3ccc(F)c(F)c3)CC2)C1c1ccc(Cl)cc1,active,433.9300000000002,5.697600000000006,1.0,2.0,6.468521082957745
CHEMBL1210081,CC(C)N1CC2(CCN(C(=O)Nc3cc(F)cc(F)c3)CC2)C1c1ccc(Cl)cc1,active,433.9300000000002,5.697600000000006,1.0,2.0,6.484126156288321
CHEMBL1210027,CC[C@H](C)[C@H](NC(=O)N1CCC2(CC1)CN(C(C)C)C2c1ccc(Cl)cc1)C(=O)OC,active,450.02300000000014,4.484600000000004,1.0,4.0,6.906578314837765
CHEMBL1210899,O=C1N(c2cccc(Cl)c2)C(c2ccccn2)C12CCN(c1nc3cc(F)c(C(F)(F)F)cc3[nH]1)CC2,active,529.9250000000001,6.143900000000003,1.0,4.0,7.200659450546418
CHEMBL1210900,O=C1N(c2ccc(F)c(Cl)c2)C(c2ccccn2)C12CCN(c1nc3ccc(Cl)cc3[nH]1)CC2,active,496.37300000000033,5.778500000000004,1.0,4.0,7.1487416512809245
CHEMBL1210901,O=C1N(c2ccc(F)c(Cl)c2)C(c2ccccn2)C12CCN(c1nc3cc(F)c(Cl)cc3[nH]1)CC2,active,514.3630000000003,5.917600000000003,1.0,4.0,7.075720713938118
CHEMBL1210902,O=C1N(c2ccc(F)c(Cl)c2)C(c2ccccn2)C12CCN(c1nc3cc(F)c(C(F)(F)F)cc3[nH]1)CC2,active,547.9150000000001,6.283000000000003,1.0,4.0,6.97469413473523
CHEMBL1210136,CC[C@H](C)[C@H](NC(=O)N1CCC2(CC1)CN(C)C2c1ccc(Cl)cc1)C(=O)OC,active,421.96900000000005,3.706000000000003,1.0,4.0,6.3872161432802645
CHEMBL1210137,CN1CC2(CCN(C(=O)Nc3cc(F)cc(F)c3)CC2)C1c1ccc(Cl)cc1,active,405.8760000000001,4.919000000000004,1.0,2.0,6.669586226650809
CHEMBL1210138,CC[C@H](C)[C@H](NC(=O)N1CCC2(CC1)C(=O)N(C)C2c1ccc(Cl)cc1)C(=O)OC,active,435.9520000000001,3.2326000000000015,1.0,4.0,6.096910013008056
CHEMBL1210139,CN1C(=O)C2(CCN(C(=O)Nc3cc(F)cc(F)c3)CC2)C1c1ccc(Cl)cc1,active,419.85900000000015,4.445600000000003,1.0,2.0,6.036212172654444
CHEMBL1210140,CC(C)CN1CC2(CCN(C(=O)Nc3cc(F)cc(F)c3)CC2)C1c1ccc(Cl)cc1,active,447.9570000000001,5.945200000000006,1.0,2.0,6.752026733638194
CHEMBL1210202,CC[C@H](C)[C@H](NC(=O)N1CCC2(CC1)CN(C(C)C)C2c1ccc(F)cc1)C(=O)OC,active,433.5680000000001,3.9703000000000035,1.0,4.0,6.59176003468815
CHEMBL1210203,CC(C)N1CC2(CCN(C(=O)Nc3cc(F)cc(F)c3)CC2)C1c1ccc(F)cc1,active,417.4750000000002,5.183300000000005,1.0,2.0,6.764471553092451
CHEMBL1210204,CN1CC2(CCN(C(=O)Nc3cc(F)cc(F)c3)CC2)C1c1ccc(F)cc1,active,389.4210000000001,4.404700000000004,1.0,2.0,6.3872161432802645
CHEMBL1210984,CC[C@H](C)[C@H](NC(=O)N1CCC2(CC1)CN(C1CC1)C2c1ccc(Cl)cc1)C(=O)OC,active,448.0070000000002,4.2386000000000035,1.0,4.0,6.488116639021126
CHEMBL1210205,O=C(Nc1cc(F)cc(F)c1)N1CCC2(CC1)CN(C1CC1)C2c1ccc(Cl)cc1,active,431.9140000000001,5.451600000000004,1.0,2.0,6.400116927926312
CHEMBL1210266,CC[C@H](C)[C@H](NC(=O)N1CCC2(CC1)CN(c1cccc(F)c1)C2c1ccc(Cl)cc1)C(=O)OC,active,502.0300000000001,5.4199000000000055,1.0,4.0,6.835647144215563
CHEMBL1210267,CC[C@H](C)[C@H](NC(=O)N1CCC2(CC1)C(=O)N(c1cccc(F)c1)C2c1ccc(Cl)cc1)C(=O)OC,active,516.0130000000001,4.946500000000005,1.0,4.0,7.346787486224656
CHEMBL1210267,CC[C@H](C)[C@H](NC(=O)N1CCC2(CC1)C(=O)N(c1cccc(F)c1)C2c1ccc(Cl)cc1)C(=O)OC,active,516.0130000000001,4.946500000000005,1.0,4.0,6.059483515067432
CHEMBL1210983,CC[C@H](C)[C@H](NC(=O)N1CCC2(CC1)C(=O)N(c1cccc(F)c1)C2c1ccc(Cl)cc1)C(=O)OC#N,active,526.9960000000001,4.797780000000004,1.0,5.0,7.455931955649724
CHEMBL1210370,CC[C@H](C)[C@H](NC(=O)N1CCC2(CC1)C(=O)N(c1cccc(F)c1)C2c1ccc(Cl)cc1)C(=O)OC(C)C,active,544.0670000000001,5.725100000000006,1.0,4.0,7.346787486224656
CHEMBL1210371,CC[C@H](C)[C@H](NC(=O)N1CCC2(CC1)C(=O)N(c1cccc(F)c1)C2c1ccc(Cl)cc1)C(=O)NC,active,515.0290000000001,4.519500000000003,2.0,3.0,6.739928612014925
CHEMBL1210372,COC(=O)[C@H](COC(C)(C)C)NC(=O)N1CCC2(CC1)C(=O)N(c1cccc(F)c1)C2c1ccc(Cl)cc1,active,546.0390000000002,4.715500000000004,1.0,5.0,6.600326278518962
CHEMBL1210985,COC(=O)[C@H](C)NC(=O)N1CCC2(CC1)C(=O)N(c1cccc(F)c1)C2c1ccc(Cl)cc1,active,473.932,3.920300000000003,1.0,4.0,6.082494490447453
CHEMBL1209965,C[C@H](NC(=O)N1CCC2(CC1)C(=O)N(c1cccc(F)c1)C2c1ccc(Cl)cc1)c1ccccc1,active,491.9940000000001,6.120000000000006,1.0,2.0,6.856985199745905
CHEMBL1209966,C[C@@H](NC(=O)N1CCC2(CC1)C(=O)N(c1cccc(F)c1)C2c1ccc(Cl)cc1)c1ccccc1,active,491.9940000000001,6.120000000000006,1.0,2.0,6.454692883534176
CHEMBL1210442,C[C@H](NC(=O)N1CCC2(CC1)C(=O)N(c1cccc(F)c1)C2c1ccc(Cl)cc1)c1ccc(F)cc1,active,509.9840000000001,6.259100000000005,1.0,2.0,7.086186147616283
CHEMBL1209967,CC[C@H](NC(=O)N1CCC2(CC1)C(=O)N(c1cccc(F)c1)C2c1ccc(Cl)cc1)c1ccccc1,active,506.02100000000013,6.510100000000007,1.0,2.0,6.649751981665837
CHEMBL1210505,O=C(Nc1cc(F)cc(F)c1)N1CCC2(CC1)C(=O)N(c1cccc(F)c1)C2c1ccc(Cl)cc1,active,499.9200000000001,6.159500000000004,1.0,2.0,6.23210238398191
CHEMBL1210505,O=C(Nc1cc(F)cc(F)c1)N1CCC2(CC1)C(=O)N(c1cccc(F)c1)C2c1ccc(Cl)cc1,active,499.9200000000001,6.159500000000004,1.0,2.0,6.4089353929735005
CHEMBL1210506,N#Cc1cccc(NC(=O)N2CCC3(CC2)C(=O)N(c2cccc(F)c2)C3c2ccc(Cl)cc2)c1,active,488.95000000000005,5.752980000000004,1.0,3.0,6.73754891026957
CHEMBL1210564,O=C(Nc1cc(F)cc(F)c1)N1CCC2(CC1)CN(c1ccc(F)c(Cl)c1)C2c1ccccn1,active,486.92500000000007,6.027900000000005,1.0,3.0,7.221848749616356
CHEMBL1210564,O=C(Nc1cc(F)cc(F)c1)N1CCC2(CC1)CN(c1ccc(F)c(Cl)c1)C2c1ccccn1,active,486.92500000000007,6.027900000000005,1.0,3.0,6.536107011014093
CHEMBL1210565,O=C(Nc1cc(F)cc(F)c1)N1CCC2(CC1)C(=O)N(c1ccc(F)c(Cl)c1)C2c1ccccn1,active,500.90800000000013,5.554500000000004,1.0,3.0,8.397940008672037
CHEMBL1210565,O=C(Nc1cc(F)cc(F)c1)N1CCC2(CC1)C(=O)N(c1ccc(F)c(Cl)c1)C2c1ccccn1,active,500.90800000000013,5.554500000000004,1.0,3.0,6.7544873321858505
CHEMBL1210628,O=C(Nc1ccc(F)c(F)c1)N1CCC2(CC1)C(=O)N(c1ccc(F)c(Cl)c1)C2c1ccccn1,active,500.90800000000013,5.554500000000004,1.0,3.0,7.3872161432802645
CHEMBL1210628,O=C(Nc1ccc(F)c(F)c1)N1CCC2(CC1)C(=O)N(c1ccc(F)c(Cl)c1)C2c1ccccn1,active,500.90800000000013,5.554500000000004,1.0,3.0,6.39577394691553
CHEMBL1210629,O=C(Nc1cccc(C(F)(F)F)c1)N1CCC2(CC1)C(=O)N(c1ccc(F)c(F)c1)C2c1ccccn1,active,516.4700000000001,5.780800000000005,1.0,3.0,7.769551078621726
CHEMBL1210629,O=C(Nc1cccc(C(F)(F)F)c1)N1CCC2(CC1)C(=O)N(c1ccc(F)c(F)c1)C2c1ccccn1,active,516.4700000000001,5.780800000000005,1.0,3.0,6.7544873321858505
CHEMBL1210692,O=C(Nc1ccc(F)c(F)c1)N1CCC2(CC1)C(=O)N(c1cccc(Cl)c1)C2c1ccccn1,active,482.9180000000001,5.415400000000004,1.0,3.0,6.935542010773082
CHEMBL1210692,O=C(Nc1ccc(F)c(F)c1)N1CCC2(CC1)C(=O)N(c1cccc(Cl)c1)C2c1ccccn1,active,482.9180000000001,5.415400000000004,1.0,3.0,6.185752404268079
CHEMBL1210693,N#Cc1cccc(NC(=O)N2CCC3(CC2)C(=O)N(c2cccc(Cl)c2)C3c2ccccn2)c1,active,471.9480000000001,5.008880000000004,1.0,4.0,7.2441251443275085
CHEMBL1210693,N#Cc1cccc(NC(=O)N2CCC3(CC2)C(=O)N(c2cccc(Cl)c2)C3c2ccccn2)c1,active,471.9480000000001,5.008880000000004,1.0,4.0,6.068033885271827
CHEMBL1210766,O=C(Nc1cc(F)cc(F)c1)N1CCC2(CC1)C(=O)N(c1cccc(Cl)c1)C2c1ccccn1,active,482.9180000000001,5.415400000000004,1.0,3.0,7.7447274948966935
CHEMBL1210766,O=C(Nc1cc(F)cc(F)c1)N1CCC2(CC1)C(=O)N(c1cccc(Cl)c1)C2c1ccccn1,active,482.9180000000001,5.415400000000004,1.0,3.0,6.698970004336019
CHEMBL1210203,CC(C)N1CC2(CCN(C(=O)Nc3cc(F)cc(F)c3)CC2)C1c1ccc(F)cc1,active,417.4750000000002,5.183300000000005,1.0,2.0,6.002176919254275
CHEMBL1210984,CC[C@H](C)[C@H](NC(=O)N1CCC2(CC1)CN(C1CC1)C2c1ccc(Cl)cc1)C(=O)OC,active,448.0070000000002,4.2386000000000035,1.0,4.0,6.146910470148135
CHEMBL1210267,CC[C@H](C)[C@H](NC(=O)N1CCC2(CC1)C(=O)N(c1cccc(F)c1)C2c1ccc(Cl)cc1)C(=O)OC,active,516.0130000000001,4.946500000000005,1.0,4.0,6.962573502059376
CHEMBL1209968,N#Cc1cccc(N2C(=O)C3(CCN(C(=O)Nc4cc(F)cc(F)c4)CC3)C2c2ccccn2)c1,inactive,473.4830000000001,4.633680000000004,1.0,4.0,4.714442690992226
CHEMBL1210564,O=C(Nc1cc(F)cc(F)c1)N1CCC2(CC1)CN(c1ccc(F)c(Cl)c1)C2c1ccccn1,active,486.92500000000007,6.027900000000005,1.0,3.0,7.3872161432802645
CHEMBL1210629,O=C(Nc1cccc(C(F)(F)F)c1)N1CCC2(CC1)C(=O)N(c1ccc(F)c(F)c1)C2c1ccccn1,active,516.4700000000001,5.780800000000005,1.0,3.0,6.548213564475709
CHEMBL1210565,O=C(Nc1cc(F)cc(F)c1)N1CCC2(CC1)C(=O)N(c1ccc(F)c(Cl)c1)C2c1ccccn1,active,500.90800000000013,5.554500000000004,1.0,3.0,7.376750709602099
CHEMBL1210692,O=C(Nc1ccc(F)c(F)c1)N1CCC2(CC1)C(=O)N(c1cccc(Cl)c1)C2c1ccccn1,active,482.9180000000001,5.415400000000004,1.0,3.0,6.928117992693875
CHEMBL1210628,O=C(Nc1ccc(F)c(F)c1)N1CCC2(CC1)C(=O)N(c1ccc(F)c(Cl)c1)C2c1ccccn1,inactive,500.90800000000013,5.554500000000004,1.0,3.0,4.752026733638194
CHEMBL1210983,CC[C@H](C)[C@H](NC(=O)N1CCC2(CC1)C(=O)N(c1cccc(F)c1)C2c1ccc(Cl)cc1)C(=O)OC#N,inactive,526.9960000000001,4.797780000000004,1.0,5.0,4.769551078621726
CHEMBL45816,COCC(=O)O[C@]1(CCN(C)CCCc2nc3ccccc3[nH]2)CCc2cc(F)ccc2[C@@H]1C(C)C,active,495.6390000000002,5.270900000000005,1.0,5.0,6.0
CHEMBL45816,COCC(=O)O[C@]1(CCN(C)CCCc2nc3ccccc3[nH]2)CCc2cc(F)ccc2[C@@H]1C(C)C,active,495.6390000000002,5.270900000000005,1.0,5.0,7.494850021680094
CHEMBL1684954,C[C@@H](NC(=O)Cc1ccc(C2CC2)cc1)c1ccc(OCC(F)(F)F)cn1,active,378.394,4.320000000000004,1.0,3.0,7.036212172654444
CHEMBL1732375,CC(C)(C)CCN1C[C@@H]2[C@@H](CNC(=O)c3cc(Cl)cc(Cl)c3)[C@@H]2C1,active,369.3360000000001,4.337200000000004,1.0,2.0,7.443697499232712
CHEMBL45816,COCC(=O)O[C@]1(CCN(C)CCCc2nc3ccccc3[nH]2)CCc2cc(F)ccc2[C@@H]1C(C)C,active,495.6390000000002,5.270900000000005,1.0,5.0,6.0
CHEMBL2337981,CC(C)(C)NC(=O)NCCN1CCC(CO)(CNC(=O)c2cc(Cl)cc(Cl)c2)CC1,active,459.4180000000001,2.8954000000000013,4.0,4.0,6.221848749616356
CHEMBL2337980,CC(C)(C)NC(=O)NCCN1CCC(O)(CNC(=O)c2cc(Cl)cc(Cl)c2)CC1,active,445.3910000000002,2.6478,4.0,4.0,6.221848749616356
CHEMBL2337979,CC(C)(C)NC(=O)NCCN1CCCC(NC(=O)c2cc(Cl)cc(Cl)c2)C1,active,415.3650000000001,3.285300000000002,3.0,3.0,6.301029995663981
CHEMBL2337978,CC(C)(C)NC(=O)NCCN1CCC(NC(=O)c2cc(Cl)cc(Cl)c2)C1,active,401.3380000000001,2.8952000000000018,3.0,3.0,6.096910013008056
CHEMBL2337977,CC(C)(C)NC(=O)NCCN1CC(NC(=O)c2cc(Cl)cc(Cl)c2)C1,active,387.31100000000015,2.5051000000000014,3.0,3.0,6.096910013008056
CHEMBL2338409,CC(C)(C)NC(=O)NCCN1CCC(CNC(=O)c2cc(Cl)cc(Cl)c2)C1,active,415.3650000000001,3.142800000000002,3.0,3.0,6.3979400086720375
CHEMBL2338407,CC(C)(C)NC(=O)NCCN1CCCC(CNC(=O)c2cc(Cl)cc(Cl)c2)C1,active,429.39200000000017,3.5329000000000024,3.0,3.0,6.301029995663981
CHEMBL2338406,CC(C)(C)NC(=O)NCCN1CCC(CNC(=O)c2cc(Cl)cc(Cl)c2)CC1,active,429.39200000000017,3.5329000000000024,3.0,3.0,6.301029995663981
CHEMBL2338405,CC(C)(C)NC(=O)NCCN1CCN(CC(=O)Nc2cc(Cl)cc(Cl)c2)CC1,active,430.3800000000001,2.6472000000000007,3.0,4.0,6.522878745280337
CHEMBL2338404,CC(C)(C)CS(=O)(=O)NCCN1CCN(CC(=O)NC23CC4CC(CC(C4)C2)C3)CC1,active,454.6810000000004,1.6545000000000023,2.0,5.0,6.045757490560675
CHEMBL2338400,CC(C)(C)NC(=O)NCCN1CCN(CC(=O)NC23CC4CC(CC(C4)C2)C3)CC1,active,419.6140000000003,1.7867000000000013,3.0,4.0,6.301029995663981
CHEMBL2337984,CC(C)(C)NC(=O)CN1CCN(CC(=O)NC23CC4CC(CC(C4)C2)C3)CC1,active,390.57200000000023,1.603700000000001,2.0,4.0,6.0
CHEMBL2165063,COc1ccc2ncc(=O)n(CCN3CCC(NCc4ccc5c(n4)NC(=O)CO5)CC3)c2c1,inactive,464.5260000000003,1.385199999999999,2.0,9.0,3.4775557664936803
CHEMBL3355573,N[C@@H](Cn1c(=O)cnc2ccc(F)cc21)[C@H]1CC[C@H](NCc2ncc3c(n2)NC(=O)CO3)CC1,inactive,467.5050000000003,1.3323999999999985,3.0,9.0,4.0
CHEMBL3355575,COc1cnc2ccc(=O)n(C[C@H](N)[C@H]3CC[C@H](NCc4ccc5c(n4)NC(=O)CO5)CC3)c2c1,inactive,478.5530000000003,1.8068999999999997,3.0,9.0,3.4775557664936803
CHEMBL3589546,O=C(c1cccc(S(=O)(=O)Nc2ccccc2F)c1)N1CCN2CCC[C@@H]2C1,inactive,403.47900000000027,2.5467000000000004,1.0,4.0,4.97469413473523
CHEMBL3589554,O=C(c1cc(S(=O)(=O)Nc2ccccc2F)c(Cl)cc1Cl)N1CCN2CCC[C@@H]2C1,inactive,472.36900000000037,3.853500000000003,1.0,4.0,4.721246399047171
CHEMBL3609820,CO[C@]1(CCN(C)CCCc2nc3ccccc3[nH]2)C[C@@H]2CC[C@H]1c1ccccc12,active,403.57000000000016,5.267500000000005,1.0,3.0,6.649751981665837
CHEMBL3609819,COc1cccc2nc(CCCN(C)CC[C@]3(OC(=O)C(C)C)C[C@H]4CCC[C@@H]3c3ccccc34)[nH]c12,active,503.6870000000003,6.2190000000000065,1.0,5.0,7.075720713938118
CHEMBL3608947,CC(C)C(=O)O[C@]1(CCN(C)CCCc2nc3ccccc3[nH]2)C[C@@H]2CCC[C@H]1c1ccccc12,active,473.66100000000023,6.210400000000007,1.0,4.0,6.647817481888637
CHEMBL3609818,CC(C)C(=O)O[C@@]1(CCN(C)CCCc2nc3ccccc3[nH]2)C[C@H]2CCC[C@@H]1c1ccccc12,active,473.66100000000023,6.210400000000007,1.0,4.0,6.735182176990463
CHEMBL3608945,CC(C)C(=O)O[C@]1(CCN(C)CCCc2nc3ccccc3[nH]2)C[C@@H]2CC[C@H]1c1ccccc12,active,459.6340000000002,5.820300000000007,1.0,4.0,6.455931955649724
CHEMBL3609817,CC(C)C(=O)O[C@@]1(CCN(C)CCCc2nc3ccccc3[nH]2)C[C@H]2CC[C@@H]1c1ccccc12,active,459.6340000000002,5.820300000000007,1.0,4.0,6.400116927926312
CHEMBL3608947,CC(C)C(=O)O[C@]1(CCN(C)CCCc2nc3ccccc3[nH]2)C[C@@H]2CCC[C@H]1c1ccccc12,active,473.66100000000023,6.210400000000007,1.0,4.0,6.663540266151471
CHEMBL3608946,CN(CCCc1nc2ccccc2[nH]1)CC[C@@]1(OC(=O)C2CC2)C[C@@H]2CC[C@H]1c1ccccc12,active,457.61800000000034,5.574300000000006,1.0,4.0,6.6777807052660805
CHEMBL3608945,CC(C)C(=O)O[C@]1(CCN(C)CCCc2nc3ccccc3[nH]2)C[C@@H]2CC[C@H]1c1ccccc12,active,459.6340000000002,5.820300000000007,1.0,4.0,6.364516253185088
CHEMBL3608944,COCC(=O)O[C@]1(CCN(C)CCCc2nc3ccccc3[nH]2)C[C@@H]2CC[C@H]1c1ccccc12,active,461.60600000000017,4.810700000000004,1.0,5.0,6.442492798094342
CHEMBL3608943,CC(C)C(=O)O[C@]1(CCN(C)CCCc2nc3ccccc3[nH]2)C[C@H](O)c2cc(F)ccc2[C@@H]1C(C)C,active,509.66600000000017,5.771400000000007,2.0,5.0,7.119186407719209
CHEMBL3608942,CC(C)C(=O)O[C@]1(CCN(C)CCCc2nc3ccccc3[nH]2)C[C@@H](O)c2cc(F)ccc2[C@@H]1C(C)C,active,509.66600000000017,5.771400000000007,2.0,5.0,6.97061622231479
CHEMBL3608316,CC(C)C(=O)O[C@]1(CCN(C)CCCc2nc3ccccc3[nH]2)C[C@H](OCc2ccccc2)c2cc(F)ccc2[C@@H]1C(C)C,active,599.7910000000002,7.9959000000000096,1.0,5.0,6.94692155651658
CHEMBL3608941,CC(C)C(=O)O[C@]1(CCN(C)CCCc2nc3ccccc3[nH]2)C[C@@H](OCc2ccccc2)c2cc(F)ccc2[C@@H]1C(C)C,active,599.7910000000002,7.9959000000000096,1.0,5.0,6.87942606879415
CHEMBL3608940,CO[C@H]1C[C@@](CCN(C)CCCc2nc3ccccc3[nH]2)(OC(=O)C(C)C)[C@@H](C(C)C)c2ccc(F)cc21,active,523.6930000000002,6.4255000000000075,1.0,5.0,6.497572880015567
CHEMBL3609825,CO[C@@H]1C[C@@](CCN(C)CCCc2nc3ccccc3[nH]2)(OC(=O)C(C)C)[C@@H](C(C)C)c2ccc(F)cc21,active,523.6930000000002,6.4255000000000075,1.0,5.0,6.254144804826271
CHEMBL3609824,CCCC[C@@H]1C[C@@](CCN(C)CCCc2nc3ccccc3[nH]2)(OC(=O)COC)[C@@H](C(C)C)c2ccc(F)cc21,active,551.7470000000002,7.002200000000008,1.0,5.0,6.714442690992226
CHEMBL3609823,COCC(=O)O[C@]1(CCN(C)CCCc2nc3ccccc3[nH]2)CC(C)(C)c2cc(F)ccc2[C@@H]1C(C)C,active,523.6930000000002,6.0060000000000064,1.0,5.0,6.684029654543083
CHEMBL3609822,CC(C)C(=O)O[C@]1(CCN(C)CCCc2nc3ccccc3[nH]2)CCc2cc(F)ccc2[C@@H]1C(C)C,active,493.6670000000002,6.280500000000007,1.0,4.0,6.826813731587726
CHEMBL45816,COCC(=O)O[C@]1(CCN(C)CCCc2nc3ccccc3[nH]2)CCc2cc(F)ccc2[C@@H]1C(C)C,active,495.6390000000002,5.270900000000005,1.0,5.0,6.7423214251308154
CHEMBL3901517,O=C(Nc1ccccc1)N1N=C(c2ccc(Br)cc2)CC1c1ccc(F)cc1,active,438.30000000000007,5.9714000000000045,1.0,2.0,7.167491087293763
CHEMBL3894794,O=C(Nc1ccc(F)cc1)N1N=C(c2ccc(Br)cc2)CC1c1ccc(F)cc1,active,456.29000000000013,6.110500000000004,1.0,2.0,7.795880017344075
CHEMBL3966141,O=C(Nc1cccc(F)c1)N1N=C(c2ccc(Br)cc2)CC1c1ccc(F)cc1,active,456.29000000000013,6.110500000000004,1.0,2.0,7.337242168318426
CHEMBL3905702,O=C(Nc1ccccc1F)N1N=C(c2ccc(Br)cc2)CC1c1ccc(F)cc1,inactive,456.2900000000001,6.110500000000004,1.0,2.0,5.0
CHEMBL3933724,COc1ccc(NC(=O)N2N=C(c3ccc(Br)cc3)CC2c2ccc(F)cc2)cc1,active,468.3260000000001,5.980000000000004,1.0,3.0,6.349692476868063
CHEMBL3914689,CCc1ccc(NC(=O)N2N=C(c3ccc(Br)cc3)CC2c2ccc(F)cc2)cc1,active,466.3540000000001,6.533800000000005,1.0,2.0,6.212539525481585
CHEMBL3942685,O=C(NC1CCCCC1)N1N=C(c2ccc(Br)cc2)CC1c1ccc(F)cc1,active,444.3480000000001,5.7816000000000045,1.0,2.0,6.5003129173815966
CHEMBL3923714,CC(C)NC(=O)N1N=C(c2ccc(Br)cc2)CC1c1ccc(F)cc1,active,404.28300000000013,4.857300000000004,1.0,2.0,6.4179366370882915
CHEMBL3932660,O=C(NCCc1ccccc1)N1N=C(c2ccc(Br)cc2)CC1c1ccc(F)cc1,active,466.3540000000001,5.691600000000005,1.0,2.0,6.376750709602099
CHEMBL3960151,O=C(Nc1ccncc1)N1N=C(c2ccccc2)CC1c1ccc(F)cc1,active,360.39200000000005,4.603900000000003,1.0,3.0,6.694648630553377
CHEMBL3969020,O=C(Nc1ccccn1)N1N=C(c2ccc(Br)cc2)CC1c1ccc(F)cc1,active,439.28800000000007,5.366400000000003,1.0,3.0,6.405607449624573
CHEMBL3897833,Fc1ccc(NC(=S)N2N=C(c3ccc(Br)cc3)CC2c2ccc(F)cc2)cc1,active,472.3580000000001,6.275400000000004,1.0,2.0,6.55129368009492
CHEMBL3981633,O=C(Nc1ccc(F)cc1)N1N=C(c2ccccc2)CC1c1ccc(F)cc1,active,377.3940000000001,5.348000000000003,1.0,2.0,7.6020599913279625
CHEMBL3911637,CC1=NN(C(=O)Nc2ccc(F)cc2)C(c2ccc(F)cc2)C1,active,315.32300000000004,4.319600000000003,1.0,2.0,6.045757490560675
CHEMBL3892579,O=C(Nc1ccc(F)cc1)N1N=C(c2ccncc2)CC1c1ccc(F)cc1,active,378.3820000000001,4.743000000000003,1.0,3.0,7.481486060122112
CHEMBL3920575,O=C(Nc1ccc(F)cc1)N1N=C(c2ccncc2)C[C@@H]1c1ccc(F)cc1,active,378.3820000000001,4.743000000000003,1.0,3.0,6.494850021680094
CHEMBL3962647,O=C(Nc1ccc(F)cc1)N1N=C(c2ccncc2)C[C@H]1c1ccc(F)cc1,active,378.3820000000001,4.743000000000003,1.0,3.0,7.6777807052660805
CHEMBL3893662,O=C(Nc1ccc(F)cc1)N1N=C(c2cc[n+]([O-])cc2)CC1c1ccc(F)cc1,active,394.3810000000001,3.9814000000000025,1.0,3.0,6.958607314841775
CHEMBL3973610,CC1CC(c2ccccc2)=NN1C(=O)Nc1ccc(F)cc1,active,297.333,3.8561000000000023,1.0,2.0,6.3872161432802645
CHEMBL3964030,CS(=O)(=O)c1ccc(C2CC(c3ccccc3)=NN2C(=O)Nc2ccc(F)cc2)cc1,active,437.4960000000001,4.612400000000004,1.0,4.0,7.3979400086720375
CHEMBL3919508,CS(=O)(=O)c1ccc(C2CC(c3ccncc3)=NN2C(=O)Nc2ccc(F)cc2)cc1,active,438.4840000000001,4.007400000000002,1.0,5.0,6.3872161432802645
CHEMBL3947301,O=C(Nc1ccc(F)cc1)N1N=C(c2ccccc2)CC1(CO)c1ccc(F)cc1,active,407.4200000000002,4.494500000000003,2.0,3.0,7.154901959985743
CHEMBL3946972,O=C(Nc1ccc(F)cc1)N1N=C(c2ccccc2)CC1(CCO)c1ccccc1,active,403.4570000000002,4.745500000000004,2.0,3.0,6.920818753952375
CHEMBL3969496,COCCOc1ccc(C2(CCO)CC(c3ccccc3)=NN2C(=O)Nc2ccc(F)cc2)cc1,active,477.53600000000006,4.770700000000004,2.0,5.0,7.221848749616356
CHEMBL3910259,Cc1ccc(C2(CCO)CC(c3ccncc3)=NN2C(=O)Nc2ccc(F)cc2)cc1,active,418.4720000000001,4.448920000000004,2.0,4.0,6.481486060122113
CHEMBL3966824,COc1ccc(C2=NN(C(=O)Nc3ccc(Cl)cc3)[C@](CCO)(c3cccnc3)C2)cc1,active,450.9260000000002,4.663400000000003,2.0,5.0,7.259637310505756
CHEMBL3937064,CS(=O)(=O)c1ccc(C2(CCO)CC(c3ccccc3)=NN2C(=O)Nc2ccc(F)cc2)cc1,active,481.5490000000001,4.149000000000003,2.0,5.0,6.376750709602099
CHEMBL3898970,COc1ccc(C2(CCO)CC(c3cccnc3)=NN2C(=O)Nc2ccc(Br)cc2)cc1,active,495.3770000000001,4.7725000000000035,2.0,5.0,6.853871964321762
CHEMBL3928071,COc1ccc([C@]2(CCO)CC(c3cccnc3)=NN2C(=O)Nc2ccc(Br)cc2)cc1,active,495.3770000000001,4.7725000000000035,2.0,5.0,7.481486060122112
CHEMBL3983284,COc1ccc([C@@]2(CCO)CC(c3cccnc3)=NN2C(=O)Nc2ccc(Br)cc2)cc1,inactive,495.3770000000001,4.7725000000000035,2.0,5.0,5.0
CHEMBL3941425,COCC1(c2ccc(C)cc2)CC(c2ccccc2)=NN1C(=O)Nc1ccc(F)cc1,active,417.4840000000001,5.317920000000004,1.0,3.0,6.455931955649724
CHEMBL3902564,Cc1ccc(C2(CCN3CCOCC3)CC(c3ccccc3)=NN2C(=O)Nc2ccc(F)cc2)cc1,active,486.59100000000007,5.393820000000005,1.0,4.0,6.366531544420414
CHEMBL3930559,Cc1ccc(C2(CCN(C)C)CC(c3ccccc3)=NN2C(=O)Nc2ccc(F)cc2)cc1,active,444.55400000000014,5.623220000000005,1.0,3.0,6.619788758288394
CHEMBL3893591,Cc1ccc(C2(CCN3CCN(C)CC3)CC(c3ccccc3)=NN2C(=O)Nc2ccc(F)cc2)cc1,active,499.63400000000007,5.309020000000006,1.0,4.0,6.161150909262744
CHEMBL3934636,CC(C)(C)NC(=O)CN1CCC(CNC(=O)c2cc(F)cc(Cl)c2)CC1,active,383.8950000000001,2.8356000000000003,2.0,3.0,7.136677139879544
CHEMBL1684950,CC(C)c1ccc(CC(=O)N[C@H](C)c2ccc(OCC(F)(F)F)cn2)cc1,active,380.41,4.566000000000003,1.0,3.0,8.086186147616283
CHEMBL3892579,O=C(Nc1ccc(F)cc1)N1N=C(c2ccncc2)CC1c1ccc(F)cc1,active,378.3820000000001,4.743000000000003,1.0,3.0,6.657577319177793
CHEMBL1684950,CC(C)c1ccc(CC(=O)N[C@H](C)c2ccc(OCC(F)(F)F)cn2)cc1,active,380.41,4.566000000000003,1.0,3.0,8.086186147616283
CHEMBL3934636,CC(C)(C)NC(=O)CN1CCC(CNC(=O)c2cc(F)cc(Cl)c2)CC1,active,383.8950000000001,2.8356000000000003,2.0,3.0,7.136677139879544
CHEMBL3913893,C[C@@H]1CN(Cc2ccccc2)c2ccccc2[C@H](C)N1C(=O)NCc1ccccc1,active,399.5380000000001,5.3681000000000045,1.0,2.0,7.455931955649724
CHEMBL3890307,C[C@H]1c2ccccc2N(Cc2ccccc2)CCN1C(=O)NCc1ccccc1,active,385.5110000000001,4.979600000000004,1.0,2.0,6.617982957425132
CHEMBL3959377,C[C@@H]1CN(Cc2ccccc2)c2ccccc2CN1C(=O)NCc1ccccc1,active,385.5110000000001,4.807100000000004,1.0,2.0,6.85078088734462
CHEMBL3979642,O=C(NCc1ccccc1)N1CCN(Cc2ccccc2)c2ccccc2C1,active,371.4840000000001,4.418600000000004,1.0,2.0,6.406713932979542
CHEMBL3950664,C[C@H]1c2ccccc2N(Cc2ccccc2)[C@@H](C)CN1C(=O)NCc1ccccc1,active,399.5380000000001,5.3681000000000045,1.0,2.0,6.333482019445119
CHEMBL3904762,C[C@@H]1CN(C(=O)NCc2ccccc2)[C@@H](C)c2ccccc2N1Cc1ccccc1,active,399.5380000000001,5.368100000000005,1.0,2.0,6.703334809738469
CHEMBL3978731,C[C@H]1CN(Cc2ccccc2)c2ccccc2[C@H](C)N1C(=O)NCc1ccccc1,active,399.5380000000001,5.3681000000000045,1.0,2.0,6.468521082957745
CHEMBL3899264,C[C@@H]1C(=O)N(Cc2ccccc2)c2ccccc2[C@H](C)N1C(=O)NCc1ccccc1,active,413.5210000000002,4.894700000000004,1.0,2.0,6.166215625343521
CHEMBL3970445,C[C@@H]1CN(Cc2ccccc2)c2ccccc2C(=O)N1CCc1ccccc1,active,370.4960000000001,4.780200000000004,0.0,2.0,6.209011524911184
CHEMBL3951718,C[C@@H]1c2ccccc2N(Cc2ccccc2)C[C@H](C)N1C(=O)NCc1ccccc1,active,399.5380000000001,5.3681000000000045,1.0,2.0,6.446116973356125
CHEMBL3913893,C[C@@H]1CN(Cc2ccccc2)c2ccccc2[C@H](C)N1C(=O)NCc1ccccc1,active,399.5380000000001,5.3681000000000045,1.0,2.0,7.769551078621726
CHEMBL3934860,COc1ccc(CNC(=O)N2[C@H](C)CN(Cc3ccccc3)c3ccccc3[C@@H]2C)cc1,active,429.5640000000001,5.376700000000006,1.0,3.0,7.853871964321762
CHEMBL3889862,C[C@@H]1CN(Cc2ccccc2)c2ccccc2[C@H](C)N1C(=O)Nc1cccnc1,active,386.4990000000001,5.085400000000004,1.0,3.0,7.214670164989233
CHEMBL3977114,C[C@@H]1CN(Cc2ccccc2)c2ccccc2[C@H](C)N1C(=O)N1CCOCC1,active,379.50400000000025,3.9105000000000025,0.0,3.0,7.236572006437063
CHEMBL3898772,C[C@@H]1CN(Cc2ccccc2)c2ccccc2[C@H](C)N1C(=O)NC1COC1,active,365.47700000000015,3.5667000000000018,1.0,3.0,7.214670164989233
CHEMBL3941448,C[C@@H]1CN(Cc2ccccc2)c2ccccc2[C@H](C)N1C(=O)CCc1cccnc1,active,399.5380000000002,5.012700000000004,0.0,3.0,7.42021640338319
CHEMBL3979902,C[C@@H]1CN(Cc2ccccc2)c2ccccc2[C@H](C)N1C(=O)C1CCOCC1,active,378.51600000000025,4.411500000000004,0.0,3.0,7.327902142064283
CHEMBL3950196,C[C@@H]1CN(Cc2ccccc2)c2ccccc2[C@H](C)N1C(=O)Cc1cncs1,active,391.54000000000013,4.684100000000004,0.0,4.0,7.259637310505756
CHEMBL3984489,C[C@@H]1CN(Cc2ccccc2)c2ccccc2[C@H](C)N1C(=O)CN1CCOCC1,active,393.5310000000003,3.3171000000000017,0.0,4.0,7.292429823902063
CHEMBL3951240,C[C@@H]1CN(Cc2ccccc2)c2ccccc2[C@H](C)N1C(=O)N(C)Cc1ccccc1,active,413.56500000000017,5.7103000000000055,0.0,2.0,6.078313524516398
CHEMBL3936568,C[C@@H]1CN(Cc2ccccc2)c2ccccc2[C@H](C)N1C(=O)OCc1ccccc1,active,400.52200000000016,5.795100000000006,0.0,3.0,6.075204004202088
CHEMBL3924174,C[C@@H]1CN(Cc2ccccc2F)c2ccccc2[C@H](C)N1C(=O)Nc1cccnc1,active,404.4890000000001,5.224500000000004,1.0,3.0,7.958607314841775
CHEMBL3896161,C[C@@H]1CN(Cc2cccc(F)c2)c2ccccc2[C@H](C)N1C(=O)Nc1cccnc1,active,404.4890000000001,5.224500000000005,1.0,3.0,7.853871964321762
CHEMBL3897240,C[C@@H]1CN(Cc2ccc(F)cc2)c2ccccc2[C@H](C)N1C(=O)Nc1cccnc1,active,404.4890000000001,5.224500000000005,1.0,3.0,7.508638306165727
CHEMBL3968363,C[C@@H]1CN(Cc2ccc(F)c(F)c2)c2ccccc2[C@H](C)N1C(=O)Nc1cccnc1,active,422.4790000000001,5.363600000000004,1.0,3.0,7.7447274948966935
CHEMBL3906199,C[C@@H]1CN(Cc2cccc(F)c2F)c2ccccc2[C@H](C)N1C(=O)NCc1ccccc1,active,435.51800000000014,5.6463000000000045,1.0,2.0,8.045757490560675
CHEMBL3976890,C[C@@H]1CN(Cc2ccccn2)c2ccccc2[C@H](C)N1C(=O)NCc1ccccc1,active,400.5260000000001,4.763100000000005,1.0,3.0,6.319664486585437
CHEMBL3950824,C[C@@H]1CN(Cc2cccnc2)c2ccccc2[C@H](C)N1C(=O)NCc1ccccc1,active,400.5260000000001,4.763100000000005,1.0,3.0,6.301029995663981
CHEMBL3949063,C[C@@H]1CN(Cc2cccc(C(F)(F)F)n2)c2ccccc2[C@H](C)N1C(=O)NCc1ccccc1,active,468.52300000000014,5.781900000000006,1.0,3.0,7.376750709602099
CHEMBL3978193,C[C@@H]1CN(Cc2cccnc2F)c2ccccc2[C@H](C)N1C(=O)NCc1ccccc1,active,418.51600000000013,4.902200000000004,1.0,3.0,7.309803919971486
CHEMBL3940280,COc1ccc(CN2C[C@@H](C)N(C(=O)NCc3ccccc3)[C@@H](C)c3ccccc32)cn1,active,430.55200000000013,4.7717000000000045,1.0,4.0,7.481486060122112
CHEMBL3969822,C[C@@H]1CN(Cc2ccc(C(F)(F)F)o2)c2ccccc2[C@H](C)N1C(=O)NCc1ccccc1,active,457.49600000000015,5.979900000000006,1.0,3.0,7.886056647693163
CHEMBL3931239,C[C@@H]1CN(Cc2ccc(C(F)(F)F)o2)c2ccccc2[C@H](C)N1C(=O)Nc1cccnc1,active,444.4570000000001,5.697200000000005,1.0,4.0,7.853871964321762
CHEMBL3918060,C[C@@H]1CN(Cc2cnc(C(F)(F)F)s2)c2ccccc2[C@H](C)N1C(=O)NCc1ccccc1,active,474.55200000000013,5.843400000000006,1.0,4.0,7.823908740944319
CHEMBL3972616,C[C@@H]1CN(Cc2cnc(C(F)(F)F)s2)c2ccccc2[C@H](C)N1C(=O)Nc1cccnc1,active,461.5130000000001,5.560700000000005,1.0,5.0,7.376750709602099
CHEMBL3950065,CCN1C[C@@H](C)N(C(=O)NCc2ccccc2)[C@@H](C)c2ccccc21,active,337.4670000000001,4.187800000000003,1.0,2.0,6.035269078946371
CHEMBL3985310,CC(C)CCN1C[C@@H](C)N(C(=O)Nc2cccnc2)[C@@H](C)c2ccccc21,active,366.5090000000001,4.931300000000005,1.0,3.0,7.040958607678906
CHEMBL3915547,C[C@@H]1CN(CC2CCCC2)c2ccccc2[C@H](C)N1C(=O)Nc1cccnc1,active,378.5200000000001,5.075400000000005,1.0,3.0,7.2076083105017466
CHEMBL3977684,C[C@@H]1CN(CCOC(C)(C)C)c2ccccc2[C@H](C)N1C(=O)Nc1cccnc1,active,396.5350000000001,4.700300000000004,1.0,4.0,7.040958607678906
CHEMBL3939715,C[C@@H]1CN(CCOC(C)(C)C)c2ccccc2[C@H](C)N1C(=O)NCc1ccccc1,active,409.5740000000001,4.983000000000004,1.0,3.0,7.356547323513812
CHEMBL3969267,C[C@@H]1CN(c2ccccc2)c2ccccc2[C@H](C)N1C(=O)NCc1ccccc1,active,385.5110000000001,5.4996000000000045,1.0,2.0,6.679853713888946
CHEMBL3930700,C[C@@H]1CN(C(=O)c2ccccc2)c2ccccc2[C@H](C)N1C(=O)NCc1ccccc1,inactive,413.52100000000013,5.008300000000005,1.0,2.0,4.937418015771837
CHEMBL3921765,[2H]C([2H])(c1ccccc1)N1C[C@@H](C)N(C(=O)Nc2cccnc2)[C@@H](C)c2ccccc21,active,388.5112035560001,5.085400000000004,1.0,3.0,7.6020599913279625
CHEMBL3949545,C[C@@H]1CNc2ccccc2[C@H](C)N1C(=O)NCc1ccccc1,inactive,309.41299999999995,3.7734000000000023,2.0,2.0,4.97061622231479
CHEMBL3984761,C[C@@H]1CN(Cc2ccccc2)c2cccc(F)c2[C@H](C)N1C(=O)Nc1cccnc1,active,404.4890000000001,5.224500000000005,1.0,3.0,7.2839966563652006
CHEMBL3914936,C[C@@H]1CN(Cc2ccccc2)c2ccc(F)cc2[C@H](C)N1C(=O)Nc1cccnc1,active,404.4890000000001,5.224500000000005,1.0,3.0,6.950781977329818
CHEMBL3936835,C[C@@H]1CN(Cc2ccccc2)c2cc(F)ccc2[C@H](C)N1C(=O)Nc1cccnc1,active,404.4890000000001,5.224500000000005,1.0,3.0,7.920818753952375
CHEMBL3908881,C[C@@H]1CN(Cc2ccccc2)c2c(F)cccc2[C@H](C)N1C(=O)Nc1cccnc1,active,404.4890000000001,5.224500000000004,1.0,3.0,6.688246138944246
CHEMBL3945715,C[C@@H]1CN(Cc2ccccc2)c2cc(F)cc(F)c2[C@H](C)N1C(=O)Nc1cccnc1,active,422.4790000000001,5.363600000000005,1.0,3.0,7.657577319177793
CHEMBL3917820,COc1cccc2c1[C@H](C)N(C(=O)Nc1cccnc1)[C@H](C)CN2Cc1ccccc1,active,416.52500000000015,5.094000000000005,1.0,4.0,6.515700160653214
CHEMBL3925393,COc1ccc2c(c1)[C@H](C)N(C(=O)Nc1cccnc1)[C@H](C)CN2Cc1ccccc1,active,416.52500000000015,5.094000000000005,1.0,4.0,6.275724130399211
CHEMBL3899835,COc1cc2c(cc1F)N(Cc1ccccc1)C[C@@H](C)N(C(=O)Nc1cccnc1)[C@H]2C,active,434.5150000000001,5.233100000000004,1.0,4.0,6.382999658879101
CHEMBL3974104,C[C@@H]1CN(Cc2ccccc2)c2cc(Br)ccc2[C@H](C)N1C(=O)Nc1cccnc1,active,465.3950000000001,5.847900000000005,1.0,3.0,6.368556230986828
CHEMBL3944657,C[C@@H]1CN(Cc2ccccc2)c2cc(C#N)ccc2[C@H](C)N1C(=O)Nc1cccnc1,active,411.50900000000007,4.957080000000004,1.0,4.0,6.0655015487564325
CHEMBL3974827,C[C@@H]1CN(Cc2ccccc2)c2cc(OCC(F)(F)F)ccc2[C@H](C)N1C(=O)Nc1cccnc1,active,484.5220000000001,6.026500000000006,1.0,4.0,6.102372908709558
CHEMBL3903942,Cc1ccc2c(c1)N(Cc1ccccc1)C[C@@H](C)N(C(=O)Nc1cccnc1)[C@H]2C,active,400.5260000000001,5.393820000000004,1.0,3.0,6.636388020107856
CHEMBL3912958,C[C@@H]1CN(Cc2ccccc2)c2cccc(F)c2[C@H](C)N1C(=O)CCc1cccnc1,active,417.5280000000002,5.151800000000005,0.0,3.0,7.2839966563652006
CHEMBL3916048,CC(C)CCN1C[C@@H](C)N(C(=O)CCc2cccnc2)[C@@H](C)c2ccccc21,active,379.54800000000006,4.8586000000000045,0.0,3.0,7.2076083105017466
CHEMBL3921940,CC(C)CCN1C[C@@H](C)N(C(=O)CCc2cccnc2)[C@@H](C)c2c(F)cccc21,active,397.53800000000007,4.997700000000005,0.0,3.0,7.180456064458132
CHEMBL3902886,C[C@@H]1CN(Cc2cnc(C(F)(F)F)s2)c2ccccc2[C@H](C)N1C(=O)CCc1cccnc1,active,474.5520000000002,5.488000000000007,0.0,5.0,7.522878745280337
CHEMBL3930876,C[C@@H]1CN(Cc2cnc(C(F)(F)F)s2)c2cccc(F)c2[C@H](C)N1C(=O)CCc1cccnc1,active,492.5420000000002,5.627100000000006,0.0,5.0,7.031517051446065
CHEMBL3926201,C[C@@H]1CN(Cc2ccccc2)c2cccc(F)c2[C@H](C)N1C(=O)NC1COC1,active,383.46700000000016,3.7058000000000026,1.0,3.0,7.229147988357855
CHEMBL3963167,C[C@@H]1CN(Cc2ccccc2)c2cccnc2[C@H](C)N1C(=O)NCc1ccccc1,active,400.5260000000001,4.763100000000004,1.0,3.0,6.673664139071248
CHEMBL3952497,C[C@@H]1CN(Cc2ccccc2)c2ccncc2[C@H](C)N1C(=O)NCc1ccccc1,inactive,400.5260000000001,4.763100000000004,1.0,3.0,4.958607314841775
CHEMBL3895005,C[C@@H]1CN(Cc2ccccc2)c2cnccc2[C@H](C)N1C(=O)NCc1ccccc1,active,400.5260000000001,4.763100000000004,1.0,3.0,6.627087997029894
CHEMBL3943761,C[C@@H]1CN(Cc2ccccc2)c2ncccc2[C@H](C)N1C(=O)NCc1ccccc1,active,400.5260000000001,4.763100000000004,1.0,3.0,7.508638306165727
CHEMBL3915799,C[C@@H]1CN(Cc2ccccc2)c2nc(Cl)ccc2[C@H](C)N1C(=O)NCc1ccccc1,active,434.9710000000002,5.4165000000000045,1.0,3.0,7.443697499232712
CHEMBL3934795,C[C@@H]1CN(Cc2ccccc2)c2ncc(Cl)cc2[C@H](C)N1C(=O)NCc1ccccc1,active,434.9710000000002,5.4165000000000045,1.0,3.0,7.167491087293763
CHEMBL3906825,C[C@@H]1CN(Cc2ccccc2)c2nc(F)ccc2[C@H](C)N1C(=O)NCc1ccccc1,active,418.51600000000013,4.902200000000004,1.0,3.0,8.221848749616356
CHEMBL3925915,C[C@@H]1CN(Cc2ccccc2)c2ncc(F)cc2[C@H](C)N1C(=O)NCc1ccccc1,active,418.51600000000013,4.902200000000004,1.0,3.0,7.022276394711152
CHEMBL3897825,Cc1ccc2c(n1)N(Cc1ccccc1)C[C@@H](C)N(C(=O)NCc1ccccc1)[C@H]2C,active,414.55300000000017,5.071520000000005,1.0,3.0,7.552841968657781
CHEMBL3916909,C[C@@H]1CN(Cc2ccccc2)c2nc(C(F)(F)F)ccc2[C@H](C)N1C(=O)NCc1ccccc1,active,468.52300000000014,5.781900000000006,1.0,3.0,6.982966660701219
CHEMBL3986638,C[C@@H]1CN(Cc2ccccc2)c2cnc(Cl)cc2[C@H](C)N1C(=O)NCc1ccccc1,active,434.9710000000002,5.4165000000000045,1.0,3.0,6.649751981665837
CHEMBL3933865,C[C@@H]1CN(Cc2ccccc2)c2cncc(F)c2[C@H](C)N1C(=O)NCc1ccccc1,active,418.51600000000013,4.902200000000004,1.0,3.0,7.142667503568732
CHEMBL3961356,C[C@@H]1CN(Cc2ccccc2)c2nnccc2[C@H](C)N1C(=O)NCc1ccccc1,active,401.5140000000001,4.158100000000003,1.0,4.0,6.158015195409886
CHEMBL3951580,C[C@@H]1CN(Cc2ccccc2)c2cnccc2[C@H](C)N1C(=O)CCc1ccc(F)cc1,active,417.5280000000002,5.151800000000005,0.0,3.0,6.647817481888637
CHEMBL3980491,[2H]C([2H])(c1ccccc1)N1C[C@@H](C)N(C(=O)NCc2ccccc2)[C@@H](C)c2ccncc21,active,402.5382035560001,4.763100000000004,1.0,3.0,6.638272163982407
CHEMBL3942836,C[C@@H]1CN(Cc2cccc(F)c2F)c2cnccc2[C@H](C)N1C(=O)NCc1ccccc1,active,436.50600000000014,5.041300000000004,1.0,3.0,7.142667503568732
CHEMBL3972450,C[C@@H]1CN(Cc2ccccc2F)c2cnccc2[C@H](C)N1C(=O)NCc1ccccc1,active,418.51600000000013,4.902200000000004,1.0,3.0,7.022276394711152
CHEMBL3956823,COc1ccc(CNC(=O)N2[C@H](C)CN(Cc3ccccc3)c3cnccc3[C@@H]2C)cc1,active,430.5520000000001,4.7717000000000045,1.0,4.0,7.318758762624412
CHEMBL3926060,C[C@@H]1CN(Cc2ccc(C(F)(F)F)o2)c2cnccc2[C@H](C)N1C(=O)NCc1ccccc1,active,458.48400000000015,5.374900000000005,1.0,4.0,7.356547323513812
CHEMBL3938021,COc1ccc(CNC(=O)N2[C@H](C)CN(Cc3ccc(C(F)(F)F)o3)c3cnccc3[C@@H]2C)cc1,active,488.5100000000001,5.383500000000005,1.0,5.0,7.619788758288394
CHEMBL3910085,COc1ccc(CNC(=O)N2[C@H](C)CN(CCC(C)C)c3cnccc3[C@@H]2C)cc1,active,410.5620000000001,4.617600000000004,1.0,4.0,7.259637310505756
CHEMBL3917185,C[C@@H]1CN(Cc2ccccc2)c2cnccc2[C@H](C)N1C(=O)Nc1cccnc1,active,387.4870000000001,4.480400000000003,1.0,4.0,6.0655015487564325
CHEMBL3919009,[2H]C([2H])(c1ccccc1)N1C[C@@H](C)N(C(=O)Nc2cccnc2)[C@@H](C)c2ccncc21,active,389.4992035560001,4.480400000000003,1.0,4.0,6.088842391260023
CHEMBL3898062,C[C@@H]1CN(Cc2ccccc2)c2cncc(F)c2[C@H](C)N1C(=O)Nc1cccnc1,active,405.4770000000001,4.619500000000004,1.0,4.0,6.619788758288394
CHEMBL3927924,CC(C)CCN1C[C@@H](C)N(C(=O)Nc2cccnc2)[C@@H](C)c2ccncc21,active,367.4970000000001,4.326300000000003,1.0,4.0,6.218963061378868
CHEMBL3895005,C[C@@H]1CN(Cc2ccccc2)c2cnccc2[C@H](C)N1C(=O)NCc1ccccc1,active,400.5260000000001,4.763100000000004,1.0,3.0,6.991399828238082
CHEMBL3966325,C[C@@H]1c2ccncc2N(Cc2ccccc2)C[C@H](C)N1C(=O)NCc1ccccc1,inactive,400.5260000000001,4.763100000000004,1.0,3.0,4.958607314841775
CHEMBL3919158,CC(C)Cc1cc(CNS(=O)(=O)c2ccc(CCc3ccccc3)cc2)nn1-c1ccccc1,inactive,473.6420000000001,5.334500000000006,1.0,4.0,4.835647144215563
CHEMBL4077901,CCOC(=O)C1=C(C)NC(=O)N(CCC(=O)NNC(=S)NC(c2ccccc2)c2ccccc2)C1c1cccc([N+](=O)[O-])c1,active,616.7000000000002,4.173200000000004,4.0,7.0,6.468521082957745
CHEMBL2386850,Cc1cc(Oc2cncnc2)cc(C(=O)Nc2ccc(F)cn2)n1,inactive,325.303,2.7587200000000003,1.0,6.0,4.0
CHEMBL4080064,CC(C)c1cc(CN2Cc3ccccc3S2(=O)=O)nn1C(C)(C)C,active,347.48400000000015,3.466000000000003,0.0,4.0,5.432973633840939
CHEMBL4211831,COc1ccccc1CNC(=O)c1nn(C)c2c1C[C@@H]1[C@H]2C1(C)C,active,325.41200000000003,2.6544000000000008,1.0,4.0,5.236572006437063
CHEMBL4216796,O=C(NCc1ccccc1)c1cc(-c2ccccc2)n(-c2ccccc2)n1,active,353.42500000000007,4.469300000000003,1.0,3.0,6.292429823902063
CHEMBL4209876,O=C(NCc1ccccc1OCC(F)(F)F)c1nn(-c2ccccc2F)c(-c2ccccc2)c1Br,active,548.3340000000001,6.312000000000005,1.0,4.0,6.522878745280337
CHEMBL4211241,O=C(NCc1ccccc1OCC(F)(F)F)c1nn(-c2cccc(F)c2)c(-c2ccccc2)c1Br,active,548.3340000000001,6.312000000000004,1.0,4.0,6.236572006437063
CHEMBL4206356,O=C(NCc1ccccc1OCC(F)(F)F)c1nn(-c2ccc(F)cc2)c(-c2ccccc2)c1Br,active,548.3340000000001,6.312000000000005,1.0,4.0,6.3872161432802645
CHEMBL4215680,Cn1nc(C(=O)NCc2ccccc2OCC(F)(F)F)c(Br)c1-c1ccccc1,active,468.2730000000001,4.7207000000000034,1.0,4.0,6.657577319177793
CHEMBL4210724,O=C(NCc1ccccc1OCC(F)(F)F)c1nn(CC(F)(F)F)c(-c2ccccc2)c1Br,active,536.27,5.746000000000004,1.0,4.0,6.050609993355087
CHEMBL4209062,O=C(NCc1ccccc1OCC(F)(F)F)c1nn(Cc2ccccc2)c(-c2ccccc2)c1C(F)F,active,515.4820000000001,6.407100000000004,1.0,4.0,6.769551078621726
CHEMBL4214199,O=C(NCc1ccccc1OCC(F)(F)F)c1nn(-c2ccccc2F)c(-c2ccccc2)c1C(F)F,active,519.445,6.487100000000005,1.0,4.0,5.958607314841775
CHEMBL4206873,O=C(NCc1ccccc1OCC(F)(F)F)c1nn(-c2cccc(F)c2)c(-c2ccccc2)c1C(F)F,active,519.445,6.487100000000004,1.0,4.0,5.823908740944319
CHEMBL4218615,O=C(NCc1ccccc1OCC(F)(F)F)c1nn(-c2ccc(F)cc2)c(-c2ccccc2)c1C(F)F,active,519.445,6.487100000000005,1.0,4.0,5.301029995663981
CHEMBL4211471,Cn1nc(C(=O)NCc2ccccc2OCC(F)(F)F)c(C(F)F)c1-c1ccccc1,active,439.38400000000007,4.895800000000004,1.0,4.0,6.431798275933005
CHEMBL4207289,O=C(NCc1ccccc1OCC(F)(F)F)c1nn(CC(F)(F)F)c(-c2ccccc2)c1C(F)F,active,507.38100000000003,5.9211000000000045,1.0,4.0,6.221848749616356
CHEMBL4204051,O=C(NCc1ccccc1OCC(F)(F)F)c1nn(-c2ccccc2F)c(C2CC2)c1Br,active,512.3010000000002,5.522400000000004,1.0,4.0,6.5376020021010435
CHEMBL4215724,CCc1c(Br)c(C(=O)NCc2ccccc2OCC(F)(F)F)nn1-c1ccccc1,active,482.3000000000001,5.068300000000004,1.0,4.0,6.42021640338319
CHEMBL4208390,O=C(NCc1ccccc1-n1cccn1)c1nn(-c2ccccc2)c(-c2ccccc2)c1Br,active,498.3840000000001,5.417500000000004,1.0,5.0,6.3979400086720375
CHEMBL4211809,O=C(NCc1cccnc1OCC(F)(F)F)c1nn(-c2ccccc2)c(-c2ccccc2)c1Br,active,531.3320000000001,5.567900000000003,1.0,5.0,6.221848749616356
CHEMBL4206919,O=C(NCc1ccccc1OCC(F)(F)F)c1nn(-c2ccccc2)c(-c2ccccc2)c1Br,active,530.344,6.172900000000005,1.0,4.0,6.455931955649724
CHEMBL4211289,O=C(NCc1ccccc1OCC(F)(F)F)c1nn(-c2ccccc2)c(-c2ccccc2)c1CO,active,481.4740000000001,4.902700000000006,2.0,5.0,6.3872161432802645
CHEMBL4204992,O=C(NCc1ccccc1OCC(F)(F)F)c1nn(-c2ccccc2)c(-c2ccccc2)c1C(F)F,active,501.45500000000004,6.348000000000005,1.0,4.0,6.086186147616283
CHEMBL4216669,C=Cc1c(C(=O)NCc2ccccc2OCC(F)(F)F)nn(-c2ccccc2)c1-c1ccccc1,active,477.4860000000001,6.053400000000004,1.0,4.0,6.070581074285707
CHEMBL4209001,CCNCCc1c(C(=O)NCc2ccccc2OCC(F)(F)F)nn(-c2ccccc2)c1-c1ccccc1,active,522.5710000000001,5.562400000000005,2.0,5.0,6.552841968657781
CHEMBL4205063,O=C(NCc1ccccc1OCC(F)(F)F)c1nn(-c2ccccc2)c(-c2ccccc2)c1CCNC1CC1,active,534.582,5.7049000000000065,2.0,5.0,6.229147988357855
CHEMBL4204657,CCN(CC)CCc1c(C(=O)NCc2ccccc2OCC(F)(F)F)nn(-c2ccccc2)c1-c1ccccc1,active,550.6250000000002,6.294700000000007,1.0,5.0,5.667561540084395
CHEMBL4207112,Cc1sc(C(=O)NCc2ccccc2Cl)c2c1[C@@H]1[C@H](C2)C1(C)C,active,345.89500000000015,4.935620000000004,1.0,2.0,6.173925197299173
CHEMBL4207625,Cc1ccccc1CNC(=O)c1sc(C)c2c1C[C@H]1[C@@H]2C1(C)C,active,325.4770000000001,4.590640000000004,1.0,2.0,6.00436480540245
CHEMBL4202762,Cc1sc(C(=O)NCc2ccccc2C(F)(F)F)c2c1[C@@H]1[C@H](C2)C1(C)C,active,379.4470000000002,5.301020000000004,1.0,2.0,7.214670164989233
CHEMBL4203292,Cc1sc(C(=O)NCc2cccc(C(F)(F)F)c2)c2c1[C@@H]1[C@H](C2)C1(C)C,active,379.4470000000002,5.301020000000004,1.0,2.0,6.275724130399211
CHEMBL4214944,Cc1sc(C(=O)NCc2cccc(OC(F)(F)F)c2)c2c1[C@@H]1[C@H](C2)C1(C)C,active,395.44600000000014,5.180820000000003,1.0,3.0,6.431798275933005
CHEMBL4213521,Cc1ccc(CNC(=O)c2sc(C)c3c2C[C@H]2[C@@H]3C2(C)C)cc1,active,325.4770000000001,4.590640000000004,1.0,2.0,5.886056647693163
CHEMBL4209762,CCOCc1ccc(CNC(=O)c2sc(C)c3c2C[C@H]2[C@@H]3C2(C)C)cc1,active,369.53000000000014,4.818720000000004,1.0,3.0,6.795880017344075
CHEMBL4204934,COCc1ccccc1CNC(=O)c1sc(Br)c2c1CCC(C)(C)C2,active,422.3880000000002,5.101900000000005,1.0,3.0,7.6020599913279625
CHEMBL4215557,CCOc1ccccc1CNC(=O)c1sc(Br)c2c1CCC(C)(C)C2,active,422.3880000000002,5.354200000000005,1.0,3.0,7.1938200260161125
CHEMBL4210633,CCOCc1ccccc1CNC(=O)c1sc(Br)c2c1CCC(C)(C)C2,active,436.41500000000025,5.492000000000005,1.0,3.0,7.4089353929735005
CHEMBL4206884,CC(C)Oc1ccccc1CNC(=O)c1sc(Br)c2c1CCC(C)(C)C2,active,436.41500000000025,5.7427000000000055,1.0,3.0,6.468521082957745
CHEMBL4217576,COCc1ccc(CNC(=O)c2sc(Br)c3c2CCC(C)(C)C3)cc1,active,422.3880000000002,5.101900000000004,1.0,3.0,6.327902142064283
CHEMBL4213830,CCOc1ccccc1CNC(=O)c1c2c(c(Cl)n1C)CC(C)(C)CC2,active,374.9120000000002,4.522100000000004,1.0,3.0,7.6777807052660805
CHEMBL4202587,CC(C)OCc1ccccc1CNC(=O)c1c2c(c(Cl)n1C)CC(C)(C)CC2,active,402.9660000000002,5.048400000000005,1.0,3.0,8.18045606445813
CHEMBL4215213,CCOCc1ccccc1CNC(=O)c1c2c(c(Cl)n1C)CC(C)(C)CC2,active,388.9390000000002,4.659900000000004,1.0,3.0,7.6777807052660805
CHEMBL4216897,Cn1c(Cl)c2c(c1C(=O)NCc1ccccc1OCCC(F)(F)F)CCC(C)(C)C2,active,442.9090000000003,5.454600000000005,1.0,3.0,7.376750709602099
CHEMBL4212744,Cn1c(Cl)c2c(c1C(=O)NCc1ccccc1OCC(F)(F)F)CCC(C)(C)C2,active,428.88200000000023,5.064500000000004,1.0,3.0,7.6777807052660805
CHEMBL4205453,Cn1c(Cl)c2c(c1C(=O)NCc1ccccc1Cn1cccn1)CCC(C)(C)C2,active,410.94900000000024,4.368200000000004,1.0,4.0,7.920818753952375
CHEMBL4217174,Cn1c(Cl)c2c(c1C(=O)NCc1ccccc1Cn1cncn1)CCC(C)(C)C2,active,411.93700000000024,3.763200000000003,1.0,5.0,7.42021640338319
CHEMBL4211734,Cn1c(Cl)c2c(c1C(=O)NCc1ncccc1OCC(F)(F)F)CCC(C)(C)C2,active,429.87000000000023,4.459500000000004,1.0,4.0,7.638272163982407
CHEMBL4204013,Cn1c(Cl)c2c(c1C(=O)NCc1ccncc1OCC(F)(F)F)CCC(C)(C)C2,active,429.87000000000023,4.459500000000004,1.0,4.0,6.958607314841775
CHEMBL4213286,Cn1c(Cl)c2c(c1C(=O)NCc1cccnc1OCC(F)(F)F)CCC(C)(C)C2,active,429.87000000000023,4.459500000000004,1.0,4.0,7.4089353929735005
CHEMBL4208356,Cn1c(Cl)c2c(c1C(=O)NCc1ncccc1N1CC[C@H](F)C1)CCC(C)(C)C2,active,418.9440000000003,4.066600000000004,1.0,4.0,7.251811972993799
CHEMBL4216691,Cc1onc(CNC(=O)c2c3c(c(Cl)n2C)CC(C)(C)CC3)c1Cn1cccn1,active,415.92500000000024,3.664620000000003,1.0,6.0,7.6020599913279625
CHEMBL4203828,Cn1cc2c(c1C(=O)NCc1cccnc1OCC(F)(F)F)CCC(C)(C)C2,inactive,395.4250000000002,3.8061000000000034,1.0,4.0,6.481486060122113
CHEMBL4206268,Cn1c(C#N)c2c(c1C(=O)NCc1cccnc1OCC(F)(F)F)CCC(C)(C)C2,active,420.43500000000023,3.677780000000003,1.0,5.0,7.187086643357144
CHEMBL4211150,Cn1c(C(=O)NCc2cccnc2OCC(F)(F)F)c2c(c1C(F)(F)F)CC(C)(C)CC2,active,463.42200000000025,4.824900000000004,1.0,4.0,6.958607314841775
CHEMBL4210625,Cn1c(C#N)c2c(c1C(=O)NCc1ncccc1OCC(F)(F)F)CCC(C)(C)C2,active,420.43500000000023,3.677780000000003,1.0,5.0,7.481486060122112
CHEMBL4215580,CC(C)COc1ccccc1CNC(=O)c1c2c(c(Cl)n1C)CCC(C)(C)C2,active,402.9660000000002,5.158200000000005,1.0,3.0,7.259637310505756
CHEMBL4214109,CC(C)COc1ccccc1CNC(=O)c1c2c(c(Cl)n1C)C[C@H](C)[C@@H](C)C2,active,402.9660000000001,5.014100000000004,1.0,3.0,7.698970004336019
CHEMBL4202418,CC(C)COc1ccccc1CNC(=O)c1c2c(c(Cl)n1C)CC(C(F)(F)F)CC2,active,442.9090000000001,5.310500000000005,1.0,3.0,7.6777807052660805
CHEMBL4218528,CC(C)COc1ccccc1CNC(=O)c1c2c(c(Cl)n1C)CCC2,active,360.8850000000001,4.132000000000003,1.0,3.0,7.568636235841013
CHEMBL4206782,CC(C)COc1ccccc1CNC(=O)c1c2c(c(Cl)n1C)CN(C(=O)OC(C)(C)C)C2,active,461.99000000000024,4.894000000000005,1.0,5.0,6.431798275933005
CHEMBL4205329,CC(C)COc1ccccc1CNC(=O)c1c2c(c(Cl)n1C)CNC2,active,361.87300000000005,3.246500000000002,2.0,4.0,5.0
CHEMBL4210232,CCc1c(C)c(Cl)n(C)c1C(=O)NCc1ccccc1OCC(C)C,active,362.9010000000001,4.514120000000004,1.0,3.0,7.568636235841013
CHEMBL4213589,CCc1c(C)c(C(=O)NCc2ccccc2OCC(C)C)n(C)c1Cl,active,362.90100000000007,4.514120000000004,1.0,3.0,7.6777807052660805
CHEMBL4209272,CC(C)COc1ccccc1CNC(=O)c1c(Cl)c(C2CC2)c(Cl)n1C,active,395.33000000000015,5.174100000000005,1.0,3.0,6.619788758288394
CHEMBL4202587,CC(C)OCc1ccccc1CNC(=O)c1c2c(c(Cl)n1C)CC(C)(C)CC2,active,402.9660000000002,5.048400000000005,1.0,3.0,6.886056647693163
CHEMBL4207979,Cn1c(=O)oc2cc(CC(=O)Nc3ccn(Cc4ccc(F)c(F)c4)n3)ccc21,active,398.3690000000001,2.835700000000001,1.0,6.0,7.823908740944319
CHEMBL4212039,O=C(Cc1ccc2cc[nH]c2c1)Nc1ccn(Cc2ccc(F)c(F)c2)n1,active,366.37100000000004,3.8721000000000023,2.0,3.0,8.275724130399212
CHEMBL4207159,O=C(Cc1ccc2[nH]ccc2c1)Nc1ccn(Cc2ccc(F)c(F)c2)n1,active,366.37100000000004,3.8721000000000023,2.0,3.0,7.853871964321762
CHEMBL4203847,Cn1ncc2cc(CC(=O)Nc3ccn(Cc4ccc(F)c(F)c4)n3)ccc21,active,381.3860000000001,3.2775000000000016,1.0,5.0,8.075720713938118
CHEMBL4204295,Cn1ccc2cc(CC(=O)Nc3ccn(Cc4ccc(F)c(F)c4)n3)cnc21,active,381.3860000000001,3.2775000000000007,1.0,5.0,7.455931955649724
CHEMBL4215974,CC1(c2ccc(CC(=O)Nc3ccn(Cc4ccc(F)c(F)c4)n3)cc2)COC1,active,397.4250000000001,3.678700000000002,1.0,4.0,8.366531544420413
CHEMBL4208626,O=C(Cc1ccc(C2(F)COC2)cc1)Nc1ccn(Cc2ccc(F)c(F)c2)n1,inactive,401.3880000000001,3.5858000000000025,1.0,4.0,7.886056647693163
CHEMBL4203748,CC1(C)OCC(c2ccc(CC(=O)Nc3ccn(Cc4ccc(F)c(F)c4)n3)cc2)O1,active,427.45100000000014,4.214800000000003,1.0,5.0,8.0
CHEMBL4211105,O=C(Cc1ccc(OC2CC(F)(F)C2)cc1)Nc1ccn(Cc2ccc(F)c(F)c2)n1,active,433.4050000000001,4.567300000000003,1.0,4.0,7.958607314841775
CHEMBL4206219,CC1(COc2ccc(CC(=O)Nc3ccn(Cc4ccc(F)c(F)c4)n3)cc2)COC1,active,427.45100000000014,3.8061000000000025,1.0,5.0,7.468521082957745
CHEMBL4204873,O=C(Cc1ccc(OC2COC2)cc1)Nc1ccn(Cc2ccc(F)c(F)c2)n1,active,399.3970000000001,3.168400000000001,1.0,5.0,7.494850021680094
CHEMBL4209751,CC(C(=O)Nc1ccn(Cc2ccc(F)cc2)n1)c1ccc(N(C)C)cc1,active,366.4400000000001,3.878700000000003,1.0,4.0,7.356547323513812
CHEMBL4217085,COc1ccc(C2(C(=O)Nc3ccn(Cc4ccccc4)n3)CC2)cc1,active,347.4180000000001,3.6103000000000023,1.0,4.0,5.6777807052660805
CHEMBL4205371,CN(C)c1ccc(Cc2nc3cn(Cc4ccc(F)cc4)nc3[nH]2)cc1,active,349.413,3.603600000000002,1.0,4.0,6.795880017344075
CHEMBL4213632,CC(C)c1ccc(Cc2nnc(-c3ccn(Cc4ccc(F)c(F)c4)n3)[nH]2)cc1,active,393.441,4.708900000000003,1.0,4.0,6.585026652029182
CHEMBL4218567,CC(C)c1ccc(-c2nc(-c3ccn(Cc4ccc(F)c(F)c4)n3)no2)cc1,active,380.398,5.050000000000004,0.0,5.0,5.0
CHEMBL4209235,CC(C)c1ccc(CC(=O)NCc2ccn(Cc3ccc(F)c(F)c3)n2)cc1,active,383.442,4.191900000000003,1.0,3.0,6.795880017344075
CHEMBL4206470,CC(C)c1ccc(CC(=O)NC(C)c2ccn(Cc3ccc(F)c(F)c3)n2)cc1,active,397.46900000000005,4.752900000000004,1.0,3.0,6.853871964321762
CHEMBL4203931,CC(C)c1ccc(CNC(=O)c2ccn(Cc3ccc(F)c(F)c3)n2)cc1,active,369.415,4.2630000000000035,1.0,3.0,7.130768280269024
CHEMBL4208810,O=C(NCc1ccc2[nH]ccc2c1)c1ccn(Cc2ccc(F)c(F)c2)n1,active,366.37100000000004,3.6209000000000016,2.0,3.0,6.481486060122113
CHEMBL4213283,O=C(NCc1ccc(C2(F)COC2)cc1)c1ccn(Cc2ccc(F)c(F)c2)n1,active,401.3880000000001,3.334600000000002,1.0,4.0,7.0
CHEMBL4218220,O=C(NCc1ccc(N2CCC(F)(F)C2)nc1)c1ccn(Cc2ccc(F)c(F)c2)n1,active,433.40900000000005,3.3800000000000026,1.0,5.0,7.522878745280337
CHEMBL4217691,Cn1ncc2cc(CNC(=O)c3cnn(Cc4ccc(F)c(F)c4)n3)ccc21,active,382.3740000000001,2.4213000000000005,1.0,6.0,7.045757490560675
CHEMBL4205975,O=C(NCc1ccc(N2CCCC2)nc1)c1coc(Cc2ccc(OC(F)(F)F)cc2)n1,active,446.4290000000001,4.089200000000003,1.0,6.0,7.522878745280337
CHEMBL4205450,CN(C)c1ccc(CNC(=O)c2csc(Cc3ccc(F)c(F)c3)n2)cc1,active,387.455,4.008100000000002,1.0,4.0,7.0
CHEMBL4210341,CN(C)c1ccc(CNC(=O)c2nc(Cc3ccc(F)c(F)c3)cs2)cc1,active,387.455,4.008100000000002,1.0,4.0,7.1487416512809245
CHEMBL4209481,Cn1ncc2cc(CC(=O)Nc3cnn(Cc4ccc(F)c(F)c4)n3)ccc21,active,382.3740000000001,2.6725000000000003,1.0,6.0,8.065501548756432
CHEMBL4205754,CC(C)(C)c1ccc(CC(=O)Nc2ncn(Cc3ccc(F)c(F)c3)n2)cc1,active,384.43,4.083300000000003,1.0,4.0,7.508638306165727
CHEMBL4216756,CC(C)c1ccc(CC(=O)Nc2nc(Cc3ccc(F)c(F)c3)cs2)cc1,active,386.46700000000004,5.3167000000000035,1.0,3.0,7.657577319177793
CHEMBL4205068,Cn1ncc2cc(CC(=O)Nc3nn(Cc4ccc(F)c(F)c4)cc3C#N)ccc21,active,406.39600000000013,3.149180000000001,1.0,6.0,7.6777807052660805
CHEMBL4218608,CC(C)(C)c1ccc(CC(=O)Nc2ccn(Cc3ccc(C#N)cn3)n2)cc1,active,373.46000000000004,3.6767800000000017,1.0,5.0,8.1249387366083
CHEMBL4217292,N#Cc1ccc(Cn2ccc(NC(=O)Cc3ccc(C4(C(F)(F)F)CC4)cc3)n2)nc1,active,425.4140000000001,3.973180000000002,1.0,5.0,7.7447274948966935
CHEMBL4208907,Cc1cc(CC(=O)Nc2ccn(Cc3ccc(C#N)cn3)n2)ccc1OCC(F)(F)F,active,429.4020000000001,3.628800000000002,1.0,6.0,8.154901959985743
CHEMBL4204573,Cc1cc(CC(=O)Nc2ccn(Cc3ccc(C#N)cn3)n2)ccc1OCCC(F)(F)F,active,443.42900000000014,4.018900000000003,1.0,6.0,7.7447274948966935
CHEMBL4212176,Cc1cc(CC(=O)Nc2ccn(Cc3ccc(C#N)cn3)n2)ccc1OC(F)(F)F,active,415.37500000000006,3.5863000000000023,1.0,6.0,7.6020599913279625
CHEMBL4207291,CCc1cc(CC(=O)Nc2ccn(Cc3ccc(C#N)cn3)n2)ccc1OCC(F)(F)F,active,443.4290000000001,3.882780000000002,1.0,6.0,8.10790539730952
CHEMBL4211644,O=C(Cc1cccc(Cl)c1)Nc1ccn(Cc2ccccc2)n1,active,325.799,3.766000000000002,1.0,3.0,6.1249387366083
CHEMBL4203101,CN1C(=O)C(C)(C)c2cc(CC(=O)Nc3ccn(Cc4ccc(F)c(F)c4)n3)ccc21,active,424.45100000000014,3.6448000000000027,1.0,4.0,8.42021640338319
CHEMBL4202684,O=C(Cc1ccc(C2CC2)nc1)Nc1ccn(Cc2ccc(F)c(F)c2)n1,active,368.387,3.6632000000000025,1.0,4.0,6.657577319177793
CHEMBL4214862,O=C(Cc1ccc(N2CCC(F)(F)C2)nc1)Nc1ccn(Cc2ccc(F)c(F)c2)n1,inactive,433.4090000000001,3.6312000000000024,1.0,5.0,8.173925197299173
CHEMBL4209946,O=C(Cc1ccc(N2CC[C@H](F)C2)nc1)Nc1ccn(Cc2ccc(F)c(F)c2)n1,inactive,415.4190000000001,3.3340000000000014,1.0,5.0,7.6777807052660805
CHEMBL4211393,CN(C)c1ccc(CC(=O)Nc2ccn(Cc3ccc(F)c(F)c3)n2)cn1,active,371.391,2.851800000000001,1.0,5.0,7.337242168318426
CHEMBL4206509,O=C(Cc1ccc(C2CC(F)(F)C2)cc1)Nc1ccn(Cc2ccc(F)c(F)c2)n1,active,417.40600000000006,4.903500000000003,1.0,3.0,8.214670164989233
CHEMBL4207031,CC(C)c1ccc(CC(=O)Nc2ccn(Cc3ccc(F)c(F)c3)n2)cc1,active,369.415,4.514200000000003,1.0,3.0,8.221848749616356
CHEMBL4205399,CC(C)c1ccc(CC(=O)Nc2ccn(CC3CCC(F)(F)CO3)n2)cc1,active,377.43500000000006,4.002000000000003,1.0,4.0,7.853871964321762
CHEMBL4205399,CC(C)c1ccc(CC(=O)Nc2ccn(CC3CCC(F)(F)CO3)n2)cc1,active,377.43500000000006,4.002000000000003,1.0,4.0,8.259637310505756
CHEMBL4210292,CC(C)c1ccc(CC(=O)Nc2ccn(CCOCC(F)(F)F)n2)cc1,active,369.387,3.766600000000003,1.0,4.0,7.2076083105017466
CHEMBL4208838,CN(C)c1ccc(CC(=O)Nc2ccn(-c3ccccc3)n2)cc1,active,320.396,3.1195000000000013,1.0,4.0,5.200659450546418
CHEMBL4213764,CN(C)c1ccc(CC(=O)Nc2ccn(Cc3ccc(N4CCCC4=O)cc3)n2)cc1,active,417.5130000000002,3.3054000000000023,1.0,5.0,5.0
CHEMBL4213226,CC(=O)Nc1ccc(Cn2ccc(NC(=O)Cc3ccc(N(C)C)cc3)n2)cc1,active,391.4750000000001,3.1370000000000013,2.0,5.0,5.0
CHEMBL4218161,CN(C)c1ccc(CC(=O)Nc2ccn(Cc3ccc(C#N)c(F)c3)n2)cc1,active,377.42300000000006,3.1893800000000017,1.0,5.0,7.853871964321762
CHEMBL4216687,COc1c(F)cc(Cn2ccc(NC(=O)Cc3ccc(N(C)C)cc3)n2)cc1F,active,400.4290000000001,3.4654000000000025,1.0,5.0,8.10790539730952
CHEMBL4205005,CN(C)c1ccc(CC(=O)Nc2ccn(Cc3ccc(F)c(F)c3)n2)cc1,active,370.403,3.456800000000002,1.0,4.0,8.468521082957745
CHEMBL4204507,CN(C)c1ccc(CC(=O)Nc2ccn(Cc3ccc(OC(F)(F)F)cc3)n2)cc1,inactive,418.41900000000004,4.077200000000003,1.0,5.0,8.292429823902063
CHEMBL4209376,CN(C)c1ccc(CC(=O)Nc2ccn(Cc3ccc(OC(F)F)cc3)n2)cc1,active,400.42900000000003,3.780000000000002,1.0,5.0,8.0
CHEMBL4204611,CN(C)c1ccc(CC(=O)Nc2ccn(Cc3ccc(C#N)cc3)n2)cc1,active,359.43300000000005,3.0502800000000017,1.0,5.0,7.698970004336019
CHEMBL4216279,COc1ccc(Cn2ccc(NC(=O)Cc3ccc(N(C)C)cc3)n2)cc1,active,364.44900000000007,3.1872000000000016,1.0,5.0,7.327902142064283
CHEMBL4208950,CN(C)c1ccc(CC(=O)Nc2ccn(Cc3ccc(F)cc3)n2)cc1,active,352.413,3.317700000000002,1.0,4.0,7.920818753952375
CHEMBL4204077,CN(C)c1ccc(CC(=O)Nc2ccn(Cc3ccc(Cl)cc3)n2)cc1,active,368.868,3.8320000000000025,1.0,4.0,8.387216143280265
CHEMBL4213335,Cc1ccc(Cn2ccc(NC(=O)Cc3ccc(N(C)C)cc3)n2)cc1,active,348.45000000000005,3.487020000000002,1.0,4.0,8.0
CHEMBL4208413,Cc1cccc(Cn2ccc(NC(=O)Cc3ccc(N(C)C)cc3)n2)c1,active,348.45000000000005,3.487020000000002,1.0,4.0,7.443697499232712
CHEMBL4209075,COc1ccc(CC(=O)Nc2ccn(Cc3ccccc3)n2)cc1C,active,335.40700000000004,3.4296200000000026,1.0,4.0,7.2441251443275085
CHEMBL4217227,CN(C)c1ccc(CC(=O)Nc2ccn(Cc3ccccc3)n2)cc1,inactive,334.423,3.178600000000001,1.0,4.0,7.42021640338319
CHEMBL4218617,CC(C)c1ccc(CC(=O)Nc2ccn(Cc3ccccc3)n2)cc1,active,333.435,4.236000000000003,1.0,3.0,7.638272163982407
CHEMBL4206874,O=C(Cc1ccc(Cl)cc1)Nc1ccn(Cc2ccccc2)n1,inactive,325.79900000000004,3.766000000000002,1.0,3.0,6.552841968657781
CHEMBL4215146,O=C(Cc1ccc(OC(F)(F)F)cc1)Nc1ccn(Cc2ccccc2)n1,inactive,375.3500000000001,4.011200000000002,1.0,4.0,6.809668301829708
CHEMBL4210726,COc1ccc(CC(=O)Nc2ccn(Cc3ccccc3)n2)cc1,inactive,321.38,3.1212000000000018,1.0,4.0,6.214670164989233
CHEMBL4215681,Cc1ccccc1CC(=O)Nc1ccn(Cc2ccccc2)n1,inactive,305.38100000000003,3.4210200000000013,1.0,3.0,5.468521082957745
CHEMBL4207290,Cc1cccc(CC(=O)Nc2ccn(Cc3ccccc3)n2)c1,inactive,305.38100000000003,3.421020000000002,1.0,3.0,5.982966660701219
CHEMBL4212175,Cc1ccc(CC(=O)Nc2ccn(Cc3ccccc3)n2)cc1,inactive,305.38100000000003,3.421020000000002,1.0,3.0,6.6777807052660805
CHEMBL4202940,O=C(Cc1ccccc1)Nc1ccn(Cc2ccccc2)n1,inactive,291.354,3.1126000000000014,1.0,3.0,5.0
CHEMBL45816,COCC(=O)O[C@]1(CCN(C)CCCc2nc3ccccc3[nH]2)CCc2cc(F)ccc2[C@@H]1C(C)C,inactive,495.6390000000002,5.270900000000005,1.0,5.0,6.886056647693163
CHEMBL4215835,CC(CC(=O)O)c1cccc(-n2c(C(N)=O)cc3ccc(OC(F)(F)F)cc32)n1,inactive,407.348,3.6012000000000013,2.0,5.0,4.481486060122113
CHEMBL604710,O=C(CC(c1ccccc1)c1ccccc1)N1CCN(C(c2ccccc2)c2ccccc2)CC1,inactive,460.62100000000015,6.1424000000000065,0.0,2.0,4.346787486224656
CHEMBL4227475,CC(C)[C@H]1c2ccc(F)cc2CC[C@@]1(CCN(C)CCCc1nc2ccccc2[nH]1)OC(=O)C1CC1.Cl.Cl,inactive,564.5730000000003,6.878100000000008,1.0,4.0,5.698970004336019
CHEMBL4228834,NCCCOc1ccc(CNc2nc3ccc(Oc4ccccc4)cc3s2)cc1.O=C(O)C(F)(F)F,inactive,519.5450000000002,6.061600000000004,3.0,7.0,3.0
CHEMBL4224809,NCCCOc1ccc(CNc2nc3ccc(Oc4ccc(O)cc4)cc3s2)cc1.O=C(O)C(F)(F)F,inactive,535.5440000000002,5.767200000000004,4.0,8.0,3.5228787452803374
CHEMBL4228579,NCCCOc1ccc(CNc2nc3ccc(Oc4ccc(F)cc4)cc3s2)cc1.O=C(O)C(F)(F)F,inactive,537.5350000000002,6.200700000000004,3.0,7.0,3.162411561764489
CHEMBL4227740,NCCCOc1ccc(CNc2nc3ccc(Oc4ccc(C(F)(F)F)cc4)cc3s2)cc1.O=C(O)C(F)(F)F,inactive,587.5420000000003,7.080400000000005,3.0,7.0,3.9507819773298185
CHEMBL4224750,NCCCOc1ccc(CNc2nc3ccc(Oc4cccc(C(F)(F)F)c4)cc3s2)cc1.O=C(O)C(F)(F)F,inactive,587.5420000000003,7.080400000000005,3.0,7.0,3.767003889607846
CHEMBL4229218,N#Cc1ccc(Oc2ccc3nc(NCc4ccc(OCCCN)cc4)sc3c2)cc1.O=C(O)C(F)(F)F,inactive,544.5550000000003,5.933280000000003,3.0,8.0,3.962573502059376
CHEMBL4225787,N=C(N)NCCCOc1ccc(CNc2nc3ccc(Oc4ccccc4)cc3s2)cc1.O=C(O)C(F)(F)F,inactive,561.5860000000004,5.585970000000003,5.0,7.0,3.779891911959945
CHEMBL4225014,N=C(N)NCCCOc1ccc(CNc2nc3ccc(Oc4ccc(O)cc4)cc3s2)cc1.O=C(O)C(F)(F)F,inactive,577.5850000000004,5.291570000000003,6.0,8.0,3.496209316942819
CHEMBL4226136,N=C(N)NCCCOc1ccc(CNc2nc3ccc(Oc4ccc(F)cc4)cc3s2)cc1.O=C(O)C(F)(F)F,inactive,579.5760000000004,5.725070000000002,5.0,7.0,3.540607512240769
CHEMBL4225288,N=C(N)NCCCOc1ccc(CNc2nc3ccc(Oc4ccc(C(F)(F)F)cc4)cc3s2)cc1.O=C(O)C(F)(F)F,inactive,629.5830000000003,6.604770000000003,5.0,7.0,3.709965388637482
CHEMBL4225354,N=C(N)NCCCOc1ccc(CNc2nc3ccc(Oc4cccc(C(F)(F)F)c4)cc3s2)cc1.O=C(O)C(F)(F)F,inactive,629.5830000000003,6.604770000000003,5.0,7.0,3.5686362358410126
CHEMBL4229102,N#Cc1ccc(Oc2ccc3nc(NCc4ccc(OCCCNC(=N)N)cc4)sc3c2)cc1.O=C(O)C(F)(F)F,inactive,586.5960000000003,5.457650000000003,5.0,8.0,3.486782399932061
CHEMBL4225603,CN(Cc1ccc(OCCCN)cc1)c1nc2ccc(Oc3ccccc3)cc2s1.O=C(O)C(F)(F)F,inactive,533.5720000000002,6.085900000000004,2.0,7.0,4.022276394711152
CHEMBL4224756,CN(Cc1ccc(OCCCN)cc1)c1nc2ccc(Oc3ccc(O)cc3)cc2s1.O=C(O)C(F)(F)F,inactive,549.5710000000003,5.7915000000000045,3.0,8.0,3.7825160557860937
CHEMBL4226924,CN(Cc1ccc(OCCCN)cc1)c1nc2ccc(Oc3ccc(F)cc3)cc2s1.O=C(O)C(F)(F)F,inactive,551.5620000000002,6.225000000000004,2.0,7.0,3.3080348972326394
CHEMBL4226078,CN(Cc1ccc(OCCCN)cc1)c1nc2ccc(Oc3ccc(C(F)(F)F)cc3)cc2s1.O=C(O)C(F)(F)F,inactive,601.5690000000003,7.104700000000005,2.0,7.0,3.6055483191737836
CHEMBL4225757,CN(Cc1ccc(OCCCN)cc1)c1nc2ccc(Oc3cccc(C(F)(F)F)c3)cc2s1.O=C(O)C(F)(F)F,inactive,601.5690000000003,7.104700000000005,2.0,7.0,3.6216020990518625
CHEMBL4226597,CN(Cc1ccc(OCCCN)cc1)c1nc2ccc(Oc3ccc(C#N)cc3)cc2s1.O=C(O)C(F)(F)F,inactive,558.5820000000003,5.957580000000004,2.0,8.0,3.484126156288321
CHEMBL4225492,CN(Cc1ccc(OCCCNC(=N)N)cc1)c1nc2ccc(Oc3ccccc3)cc2s1.O=C(O)C(F)(F)F,inactive,575.6130000000003,5.610270000000003,4.0,7.0,3.3027706572402824
CHEMBL4226327,CN(Cc1ccc(OCCCNC(=N)N)cc1)c1nc2ccc(Oc3ccc(O)cc3)cc2s1.O=C(O)C(F)(F)F,inactive,591.6120000000003,5.315870000000004,5.0,8.0,3.4788619162959638
CHEMBL4225227,CN(Cc1ccc(OCCCNC(=N)N)cc1)c1nc2ccc(Oc3ccc(F)cc3)cc2s1.O=C(O)C(F)(F)F,active,593.6030000000003,5.749370000000003,4.0,7.0,3.2831622767004753
CHEMBL4226080,CN(Cc1ccc(OCCCNC(=N)N)cc1)c1nc2ccc(Oc3ccc(C(F)(F)F)cc3)cc2s1.O=C(O)C(F)(F)F,active,643.6100000000002,6.629070000000003,4.0,7.0,3.6736641390712483
CHEMBL4224963,CN(Cc1ccc(OCCCNC(=N)N)cc1)c1nc2ccc(Oc3cccc(C(F)(F)F)c3)cc2s1.O=C(O)C(F)(F)F,active,643.6100000000002,6.629070000000003,4.0,7.0,3.112945621949043
CHEMBL4225815,CN(Cc1ccc(OCCCNC(=N)N)cc1)c1nc2ccc(Oc3ccc(C#N)cc3)cc2s1.O=C(O)C(F)(F)F,active,600.6230000000004,5.481950000000003,4.0,8.0,3.815308569182401
CHEMBL4226804,CN(C)CCCOc1ccc(CNc2nc3ccc(Oc4ccc(F)cc4)cc3s2)cc1.O=C(O)C(F)(F)F,active,565.5890000000003,6.803600000000005,2.0,7.0,3.0
CHEMBL4227653,CN(C)CCCOc1ccc(CNc2nc3ccc(Oc4cccc(C(F)(F)F)c4)cc3s2)cc1.O=C(O)C(F)(F)F,active,615.5960000000002,7.683300000000006,2.0,7.0,3.958607314841775
CHEMBL4226674,CN(C)CCCOc1ccc(CN(C)c2nc3ccc(Oc4ccc(C(F)(F)F)cc4)cc3s2)cc1.O=C(O)C(F)(F)F,active,629.6230000000003,7.7076000000000064,1.0,7.0,4.267606240177032
CHEMBL4227450,CN(C)CCCOc1ccc(CN(C)c2nc3ccc(Oc4ccc(C#N)cc4)cc3s2)cc1.O=C(O)C(F)(F)F,active,586.6360000000003,6.560480000000005,1.0,8.0,4.1938200260161125
CHEMBL376915,CC(C)=CCc1c(O)cc(O)c2c1O[C@H](c1ccc(O)cc1)CC2=O,active,340.37500000000006,4.018600000000003,3.0,5.0,6.0
CHEMBL4251381,CC(C)CCc1c(O)cc2c(c1O)C(=O)CC(c1ccc(O)cc1)O2,inactive,342.391,4.098500000000003,3.0,5.0,6.318758762624412
CHEMBL4238346,O=C1CC(c2ccc(O)cc2)Oc2cc(O)c(CC=C3CCCC3)c(O)c21,inactive,366.41300000000024,4.552800000000003,3.0,5.0,6.337242168318426
CHEMBL4242828,CC(C)=CCc1c(O)cc2c(c1O)C(=O)CC(c1cccc(O)c1)O2,inactive,340.375,4.018600000000003,3.0,5.0,5.991399828238082
CHEMBL1537093,CC(C)=CCc1c(O)cc2c(c1O)C(=O)CC(c1ccc(O)cc1)O2,active,340.375,4.018600000000003,3.0,5.0,6.0
CHEMBL4461512,Cc1ccc(CCN2CC[C@H](CNC(=O)c3cc(C(C)C)no3)C2)cc1C(F)(F)F,inactive,423.47900000000016,4.419620000000004,1.0,4.0,5.118615343229427
CHEMBL4560282,CC(C)Cc1cc(CNC(=O)C2C3CN(Cc4ccccc4)CC32)nn1-c1ccccc1,active,428.5800000000001,4.065000000000003,1.0,4.0,4.966978555317089
CHEMBL4524656,CC(C)Cc1cc(C(=O)NCC2C3CN(CCC(C)(C)C)CC23)nn1-c1ccccc1,inactive,422.61700000000013,4.414600000000004,1.0,4.0,5.052076380168273
CHEMBL4457557,NC(=O)c1ccc(Cc2ccccc2)cc1-c1cccc(CCC(=O)O)c1,inactive,359.4250000000002,4.060500000000002,2.0,2.0,4.47755576649368
CHEMBL4648577,CN(C)CCCCCSC1=Nc2ccccc2C(CC(=O)NCc2ccc(F)cc2)N1c1ccc(-c2ccc(F)cc2)cc1,inactive,612.7900000000003,8.352200000000005,1.0,5.0,5.559090917934782
CHEMBL4642980,O=C(CC1c2ccccc2N=C(SCCCCCN2CCCC2)N1c1ccc(-c2ccc(F)cc2)cc1)NCc1ccccc1,inactive,620.8380000000002,8.747300000000003,1.0,5.0,6.585026652029182
CHEMBL4645030,CN(C)CCCCCSC1=Nc2ccccc2C(CC(=O)NCc2ccc(F)cc2)N1c1ccc(-c2ccccc2)cc1,inactive,594.8000000000003,8.213100000000008,1.0,5.0,5.503070351926785
CHEMBL4647557,O=C(CC1c2ccccc2N=C(SCCCCCN2CCCC2)N1c1ccc(-c2ccccc2)cc1)NCc1ccc(F)cc1,inactive,620.8380000000002,8.747300000000005,1.0,5.0,3.5589335933607367
CHEMBL4643629,O=C(CC1c2ccccc2N=C(SCCCCCN2CCCC2)N1c1ccc(-c2ccccc2)cc1)NCc1ccccc1,inactive,602.8480000000002,8.608200000000005,1.0,5.0,5.161150909262744
CHEMBL4636176,CN(C)CCCCCSC1=Nc2ccccc2C(CC(=O)NCc2ccc(F)cc2)N1c1ccccc1,inactive,518.7020000000002,6.546100000000006,1.0,5.0,3.0797201053670515
CHEMBL4645813,CN(C)CCCCCSC1=Nc2ccccc2C(CC(=O)NCc2ccccc2)N1c1ccccc1,inactive,500.7120000000002,6.407000000000007,1.0,5.0,4.860120913598763
CHEMBL4642558,O=C(CC1c2ccccc2N=C(SCCCCCN2CCCC2)N1c1ccccc1)NCc1ccc(F)cc1,inactive,544.7400000000004,7.0803000000000065,1.0,5.0,4.240861183718834
CHEMBL4636912,O=C(CC1c2ccccc2N=C(SCCCCCN2CCCC2)N1c1ccccc1)NCc1ccccc1,inactive,526.7500000000003,6.9412000000000065,1.0,5.0,5.112945621949043
CHEMBL394956,CN(C)CCCCCN(C)C1=Nc2ccccc2C(CC(=O)NCc2ccccc2)N1c1ccc(-c2ccccc2)cc1,inactive,573.7850000000003,7.272600000000009,1.0,5.0,5.443697499232712
CHEMBL452076,COCCOC(=O)C1=C(C)NC(C)=C(C(=O)OC/C=C/c2ccccc2)C1c1cccc([N+](=O)[O-])c1,inactive,492.52800000000013,4.275800000000004,1.0,8.0,4.619788758288394
CHEMBL1551597,CC(C)[C@H]1c2ccc(F)cc2CC[C@@]1(CCN(C)CCCc1nc2ccccc2[nH]1)OC(=O)C1CC1,inactive,491.6510000000003,6.034500000000006,1.0,4.0,5.698970004336019
CHEMBL4759180,NC(N)=NCCCOc1ccc(C(=O)Nc2ccccc2Oc2ccccc2)cc1.O=C(O)C(F)(F)F,inactive,518.4920000000002,4.406800000000002,4.0,5.0,4.3979400086720375
CHEMBL4754749,NC(N)=NCCCOc1ccc(C(=O)N2c3ccccc3Oc3ccccc32)cc1.O=C(O)C(F)(F)F,inactive,516.4760000000002,4.446400000000003,3.0,5.0,3.785156151952302
CHEMBL4740547,CN(C)CCCOc1ccc(C(=O)Nc2ccccc2Oc2ccc(F)cc2)cc1,inactive,408.4730000000001,5.2008000000000045,1.0,4.0,4.267606240177032
CHEMBL4741422,CN(C)CCCOc1ccc(C(=O)Nc2ccccc2Oc2ccccc2)cc1,active,390.4830000000001,5.0617000000000045,1.0,4.0,4.721246399047171
CHEMBL4764424,Cc1cccc(C)c1Oc1ccccc1NC(=O)c1ccc(OCCCN(C)C)cc1,active,418.53700000000026,5.678540000000006,1.0,4.0,4.259637310505756
CHEMBL4742798,CN(C)CCCOc1ccc(C(=O)N2c3ccccc3Oc3ccccc32)cc1,,388.4670000000001,5.101300000000005,0.0,4.0,4.259637310505756
CHEMBL4791782,CN(C)CCCOc1ccc(C(=O)N2c3ccccc3CCc3ccccc32)cc1,,400.52200000000016,5.094200000000005,0.0,3.0,3.96657624451305
CHEMBL4781385,CN(C)CCCOc1ccc(C(=O)N2c3ccccc3C=Cc3ccccc32)cc1,,398.5060000000001,5.479400000000005,0.0,3.0,3.9913998282380825
CHEMBL4794579,O=C(c1ccc(OCCCN2CCCC2)cc1)N1c2ccccc2Oc2ccccc21,,414.5050000000001,5.635500000000005,0.0,4.0,4.309803919971486
CHEMBL4741821,O=C(c1ccc(OCCCN2CCCC2)cc1)N1c2ccccc2CCc2ccccc21,,426.5600000000002,5.628400000000006,0.0,3.0,3.958607314841775
CHEMBL4749090,O=C(c1ccc(OCCCN2CCCC2)cc1)N1c2ccccc2C=Cc2ccccc21,,424.5440000000001,6.013600000000006,0.0,3.0,3.94692155651658
CHEMBL4741805,O=C(c1ccc(OCCCN2CCOCC2)cc1)N1c2ccccc2Oc2ccccc21,,430.5040000000001,4.871900000000005,0.0,5.0,3.876148359032914
CHEMBL4794057,O=C(c1ccc(OCCCN2CCOCC2)cc1)N1c2ccccc2CCc2ccccc21,,442.55900000000014,4.864800000000005,0.0,4.0,4.096910013008056
CHEMBL4749956,O=C(c1ccc(OCCCN2CCOCC2)cc1)N1c2ccccc2C=Cc2ccccc21,,440.54300000000006,5.250000000000005,0.0,4.0,3.714442690992226
CHEMBL4514203,O[C@]1(C(F)(F)F)CCCC[C@H]1Nc1ccc(F)cc1,,277.261,3.473600000000002,2.0,2.0,7.522878745280337
CHEMBL1684950,CC(C)c1ccc(CC(=O)N[C@H](C)c2ccc(OCC(F)(F)F)cn2)cc1,,380.41,4.566000000000003,1.0,3.0,7.017728766960431
